[33m╭─[0m[33m────────────────────────────────────────────────────────────────────────────[0m[33m Task Started [0m[33m─────────────────────────────────────────────────────────────────────────────[0m[33m─╮[0m
[33m│[0m                                                                                                                                                                         [33m│[0m
[33m│[0m  [1;33m📋 Task: 93abd7f1-f58c-4504-8616-7ae71e5ea373[0m                                                                                                                          [33m│[0m
[33m│[0m  [37mStatus: [0m[2;33mExecuting Task...[0m                                                                                                                                              [33m│[0m
[33m│[0m                                                                                                                                                                         [33m│[0m
[33m╰─────────────────────────────────────────────────────────────────────────────────────────────────────────────────────────────────────────────────────────────────────────╯[0m


[35m╭─[0m[35m──────────────────────────────────────────────────────────────────────────[0m[35m 🤖 Agent Started [0m[35m───────────────────────────────────────────────────────────────────────────[0m[35m─╮[0m
[35m│[0m                                                                                                                                                                         [35m│[0m
[35m│[0m  [37mAgent: [0m[1;92mMarket Data Validation Specialist for ITC.NS[0m                                                                                                                    [35m│[0m
[35m│[0m                                                                                                                                                                         [35m│[0m
[35m│[0m  [37mTask: [0m[92mUse fetch_market_data_bundle_tool as the only tool. It returns a compact bundle_file plus row counts, validation, and actions metadata in one deterministic [0m     [35m│[0m
[35m│[0m  [92mpass. Use the bundle_file path as the handoff to downstream tasks instead of embedding the full OHLCV list in context. Do not perform analysis, do not ask coworkers,[0m  [35m│[0m
[35m│[0m  [92mand do not split the work into multiple tool calls.[0m                                                                                                                    [35m│[0m
[35m│[0m                                                                                                                                                                         [35m│[0m
[35m│[0m                                                                                                                                                                         [35m│[0m
[35m╰─────────────────────────────────────────────────────────────────────────────────────────────────────────────────────────────────────────────────────────────────────────╯[0m

[35m╭─[0m[35m───────────────────────────────────────────────────────────────────────[0m[35m 🔧 Agent Tool Execution [0m[35m───────────────────────────────────────────────────────────────────────[0m[35m─╮[0m
[35m│[0m                                                                                                                                                                         [35m│[0m
[35m│[0m  [37mAgent: [0m[1;92mMarket Data Validation Specialist for ITC.NS[0m                                                                                                                    [35m│[0m
[35m│[0m                                                                                                                                                                         [35m│[0m
[35m│[0m  [37mThought: [0m[92mAction: fetch_market_data_bundle_tool[0m                                                                                                                         [35m│[0m
[35m│[0m                                                                                                                                                                         [35m│[0m
[35m│[0m  [37mUsing Tool: [0m[1;92mfetch_market_data_bundle_tool[0m                                                                                                                              [35m│[0m
[35m│[0m                                                                                                                                                                         [35m│[0m
[35m╰─────────────────────────────────────────────────────────────────────────────────────────────────────────────────────────────────────────────────────────────────────────╯[0m
[34m╭─[0m[34m─────────────────────────────────────────────────────────────────────────────[0m[34m Tool Input [0m[34m──────────────────────────────────────────────────────────────────────────────[0m[34m─╮[0m
[34m│[0m                                                                                                                                                                         [34m│[0m
[34m│[0m  [38;2;230;219;116;49m"{\"ticker\": \"ITC.NS\", \"daily_period\": \"1d\", \"weekly_period\": \"1wk\", \"auto_adjust\": true}"[0m                                                                [34m│[0m
[34m│[0m                                                                                                                                                                         [34m│[0m
[34m╰─────────────────────────────────────────────────────────────────────────────────────────────────────────────────────────────────────────────────────────────────────────╯[0m
[32m╭─[0m[32m─────────────────────────────────────────────────────────────────────────────[0m[32m Tool Output [0m[32m─────────────────────────────────────────────────────────────────────────────[0m[32m─╮[0m
[32m│[0m                                                                                                                                                                         [32m│[0m
[32m│[0m  [92m{"success": true, "ticker": "ITC.NS", "bundle_file": "C:\\Users\\ADARSH [0m                                                                                               [32m│[0m
[32m│[0m  [92mNAIK\\Desktop\\signal_sync\\src\\signal_sync\\ta\\cache\\ITC.NS_bundle_20260604T164740Z.json", "daily_rows": 63, "weekly_rows": 53, "actions_count": 40, [0m              [32m│[0m
[32m│[0m  [92m"validation": {"success": true, "rows": 63, "dropped_rows": 0}}[0m                                                                                                        [32m│[0m
[32m│[0m                                                                                                                                                                         [32m│[0m
[32m╰─────────────────────────────────────────────────────────────────────────────────────────────────────────────────────────────────────────────────────────────────────────╯[0m

[32m╭─[0m[32m────────────────────────────────────────────────────────────────────────[0m[32m ✅ Agent Final Answer [0m[32m────────────────────────────────────────────────────────────────────────[0m[32m─╮[0m
[32m│[0m                                                                                                                                                                         [32m│[0m
[32m│[0m  [37mAgent: [0m[1;92mMarket Data Validation Specialist for ITC.NS[0m                                                                                                                    [32m│[0m
[32m│[0m                                                                                                                                                                         [32m│[0m
[32m│[0m  [37mFinal Answer:[0m                                                                                                                                                          [32m│[0m
[32m│[0m  [92m{"bundle_file":"C:\\Users\\ADARSH [0m                                                                                                                                     [32m│[0m
[32m│[0m  [92mNAIK\\Desktop\\signal_sync\\src\\signal_sync\\ta\\cache\\ITC.NS_bundle_20260604T164740Z.json","daily_rows":63,"weekly_rows":53,"actions_count":40,"validation":{"succ[0m  [32m│[0m
[32m│[0m  [92mess":true,"rows":63,"dropped_rows":0}}[0m                                                                                                                                 [32m│[0m
[32m│[0m                                                                                                                                                                         [32m│[0m
[32m╰─────────────────────────────────────────────────────────────────────────────────────────────────────────────────────────────────────────────────────────────────────────╯[0m

[33m╭─[0m[33m────────────────────────────────────────────────────────────────────────────[0m[33m Task Started [0m[33m─────────────────────────────────────────────────────────────────────────────[0m[33m─╮[0m
[33m│[0m                                                                                                                                                                         [33m│[0m
[33m│[0m  [1;33m📋 Task: 44edbaea-c80e-484c-a03d-ffcfbd290b05[0m                                                                                                                          [33m│[0m
[33m│[0m  [37mStatus: [0m[2;33mExecuting Task...[0m                                                                                                                                              [33m│[0m
[33m│[0m                                                                                                                                                                         [33m│[0m
[33m╰─────────────────────────────────────────────────────────────────────────────────────────────────────────────────────────────────────────────────────────────────────────╯[0m


[35m╭─[0m[35m──────────────────────────────────────────────────────────────────────────[0m[35m 🤖 Agent Started [0m[35m───────────────────────────────────────────────────────────────────────────[0m[35m─╮[0m
[35m│[0m                                                                                                                                                                         [35m│[0m
[35m│[0m  [37mAgent: [0m[1;92mTechnical Indicator Computation Specialist[0m                                                                                                                      [35m│[0m
[35m│[0m                                                                                                                                                                         [35m│[0m
[35m│[0m  [37mTask: [0m[92mUse indicator_rule_engine_tool as the only tool. It computes SMA, EMA20/50/100/200, RSI, MACD, ATR, Bollinger Bands, and OBV in one deterministic pass. Pass [0m    [35m│[0m
[35m│[0m  [92mthe bundle_file path from market_data_task directly into the tool.[0m                                                                                                     [35m│[0m
[35m│[0m                                                                                                                                                                         [35m│[0m
[35m│[0m                                                                                                                                                                         [35m│[0m
[35m╰─────────────────────────────────────────────────────────────────────────────────────────────────────────────────────────────────────────────────────────────────────────╯[0m

[35m╭─[0m[35m───────────────────────────────────────────────────────────────────────[0m[35m 🔧 Agent Tool Execution [0m[35m───────────────────────────────────────────────────────────────────────[0m[35m─╮[0m
[35m│[0m                                                                                                                                                                         [35m│[0m
[35m│[0m  [37mAgent: [0m[1;92mTechnical Indicator Computation Specialist[0m                                                                                                                      [35m│[0m
[35m│[0m                                                                                                                                                                         [35m│[0m
[35m│[0m  [37mThought: [0m[92mThought: I need to compute the technical indicators using the provided bundle file path. The indicators will be categorized into trend, momentum, [0m            [35m│[0m
[35m│[0m  [92mvolatility, and volume sections.[0m                                                                                                                                       [35m│[0m
[35m│[0m                                                                                                                                                                         [35m│[0m
[35m│[0m  [37mUsing Tool: [0m[1;92mindicator_rule_engine_tool[0m                                                                                                                                 [35m│[0m
[35m│[0m                                                                                                                                                                         [35m│[0m
[35m╰─────────────────────────────────────────────────────────────────────────────────────────────────────────────────────────────────────────────────────────────────────────╯[0m
[34m╭─[0m[34m─────────────────────────────────────────────────────────────────────────────[0m[34m Tool Input [0m[34m──────────────────────────────────────────────────────────────────────────────[0m[34m─╮[0m
[34m│[0m                                                                                                                                                                         [34m│[0m
[34m│[0m  [38;2;230;219;116;49m"{\"ohlcv_json\": \"C:\\\\Users\\\\ADARSH NAIK\\\\Desktop\\\\signal_sync\\\\src\\\\signal_sync\\\\ta\\\\cache\\\\ITC.NS_bundle_20260604T164740Z.json\"}"[0m               [34m│[0m
[34m│[0m                                                                                                                                                                         [34m│[0m
[34m╰─────────────────────────────────────────────────────────────────────────────────────────────────────────────────────────────────────────────────────────────────────────╯[0m
[32m╭─[0m[32m─────────────────────────────────────────────────────────────────────────────[0m[32m Tool Output [0m[32m─────────────────────────────────────────────────────────────────────────────[0m[32m─╮[0m
[32m│[0m                                                                                                                                                                         [32m│[0m
[32m│[0m  [92m{"success": true, "trend": {"sma": {"sma20": 293.1969, "sma50": 294.0684, "sma100": null, "sma200": null}, "ema": {"ema20": 290.7126, "ema50": 294.5821, "ema100": [0m    [32m│[0m
[32m│[0m  [92m297.0772, "ema200": 299.477}}, "momentum": {"rsi14": 24.9196, "macd": -4.556, "macd_signal": -2.4365, "macd_histogram": -2.1195}, "volatility": {"atr14": 5.4793, [0m     [32m│[0m
[32m│[0m  [92m"bb_basis20": 293.1969, "bb_upper20": 308.8697, "bb_lower20": 277.5242}, "volume": {"obv": 20893767.0}}[0m                                                                [32m│[0m
[32m│[0m                                                                                                                                                                         [32m│[0m
[32m╰─────────────────────────────────────────────────────────────────────────────────────────────────────────────────────────────────────────────────────────────────────────╯[0m

[32m╭─[0m[32m────────────────────────────────────────────────────────────────────────[0m[32m ✅ Agent Final Answer [0m[32m────────────────────────────────────────────────────────────────────────[0m[32m─╮[0m
[32m│[0m                                                                                                                                                                         [32m│[0m
[32m│[0m  [37mAgent: [0m[1;92mTechnical Indicator Computation Specialist[0m                                                                                                                      [32m│[0m
[32m│[0m                                                                                                                                                                         [32m│[0m
[32m│[0m  [37mFinal Answer:[0m                                                                                                                                                          [32m│[0m
[32m│[0m  [92m{"success": true, "trend": {"sma": {"sma20": 293.1969, "sma50": 294.0684, "sma100": null, "sma200": null}, "ema": {"ema20": 290.7126, "ema50": 294.5821, "ema100": [0m    [32m│[0m
[32m│[0m  [92m297.0772, "ema200": 299.477}}, "momentum": {"rsi14": 24.9196, "macd": -4.556, "macd_signal": -2.4365, "macd_histogram": -2.1195}, "volatility": {"atr14": 5.4793, [0m     [32m│[0m
[32m│[0m  [92m"bb_basis20": 293.1969, "bb_upper20": 308.8697, "bb_lower20": 277.5242}, "volume": {"obv": 20893767.0}}[0m                                                                [32m│[0m
[32m│[0m                                                                                                                                                                         [32m│[0m
[32m╰─────────────────────────────────────────────────────────────────────────────────────────────────────────────────────────────────────────────────────────────────────────╯[0m

[33m╭─[0m[33m────────────────────────────────────────────────────────────────────────────[0m[33m Task Started [0m[33m─────────────────────────────────────────────────────────────────────────────[0m[33m─╮[0m
[33m│[0m                                                                                                                                                                         [33m│[0m
[33m│[0m  [1;33m📋 Task: 37d0bf89-0962-4040-a24e-02757fa8d834[0m                                                                                                                          [33m│[0m
[33m│[0m  [37mStatus: [0m[2;33mExecuting Task...[0m                                                                                                                                              [33m│[0m
[33m│[0m                                                                                                                                                                         [33m│[0m
[33m╰─────────────────────────────────────────────────────────────────────────────────────────────────────────────────────────────────────────────────────────────────────────╯[0m


[35m╭─[0m[35m──────────────────────────────────────────────────────────────────────────[0m[35m 🤖 Agent Started [0m[35m───────────────────────────────────────────────────────────────────────────[0m[35m─╮[0m
[35m│[0m                                                                                                                                                                         [35m│[0m
[35m│[0m  [37mAgent: [0m[1;92mDeterministic Pattern Detection Specialist[0m                                                                                                                      [35m│[0m
[35m│[0m                                                                                                                                                                         [35m│[0m
[35m│[0m  [37mTask: [0m[92mDetect deterministic candlestick and chart patterns from cleaned OHLCV, then render chart and perform advisory-only vision review. Pass the bundle_file path [0m    [35m│[0m
[35m│[0m  [92mfrom market_data_task directly into the tools.[0m                                                                                                                         [35m│[0m
[35m│[0m                                                                                                                                                                         [35m│[0m
[35m│[0m                                                                                                                                                                         [35m│[0m
[35m╰─────────────────────────────────────────────────────────────────────────────────────────────────────────────────────────────────────────────────────────────────────────╯[0m

[35m╭─[0m[35m───────────────────────────────────────────────────────────────────────[0m[35m 🔧 Agent Tool Execution [0m[35m───────────────────────────────────────────────────────────────────────[0m[35m─╮[0m
[35m│[0m                                                                                                                                                                         [35m│[0m
[35m│[0m  [37mAgent: [0m[1;92mDeterministic Pattern Detection Specialist[0m                                                                                                                      [35m│[0m
[35m│[0m                                                                                                                                                                         [35m│[0m
[35m│[0m  [37mThought: [0m[92mThought: I need to detect candlestick patterns first using the provided OHLCV bundle file.[0m                                                                    [35m│[0m
[35m│[0m                                                                                                                                                                         [35m│[0m
[35m│[0m  [37mUsing Tool: [0m[1;92mdetect_candlestick_patterns_tool[0m                                                                                                                           [35m│[0m
[35m│[0m                                                                                                                                                                         [35m│[0m
[35m╰─────────────────────────────────────────────────────────────────────────────────────────────────────────────────────────────────────────────────────────────────────────╯[0m
[34m╭─[0m[34m─────────────────────────────────────────────────────────────────────────────[0m[34m Tool Input [0m[34m──────────────────────────────────────────────────────────────────────────────[0m[34m─╮[0m
[34m│[0m                                                                                                                                                                         [34m│[0m
[34m│[0m  [38;2;230;219;116;49m"{\"ohlcv_json\": \"C:\\\\Users\\\\ADARSH NAIK\\\\Desktop\\\\signal_sync\\\\src\\\\signal_sync\\\\ta\\\\cache\\\\ITC.NS_bundle_20260604T164740Z.json\"}"[0m               [34m│[0m
[34m│[0m                                                                                                                                                                         [34m│[0m
[34m╰─────────────────────────────────────────────────────────────────────────────────────────────────────────────────────────────────────────────────────────────────────────╯[0m
[32m╭─[0m[32m─────────────────────────────────────────────────────────────────────────────[0m[32m Tool Output [0m[32m─────────────────────────────────────────────────────────────────────────────[0m[32m─╮[0m
[32m│[0m                                                                                                                                                                         [32m│[0m
[32m│[0m  [92m{"success": true, "candlestick_patterns": []}[0m                                                                                                                          [32m│[0m
[32m│[0m                                                                                                                                                                         [32m│[0m
[32m╰─────────────────────────────────────────────────────────────────────────────────────────────────────────────────────────────────────────────────────────────────────────╯[0m

[35m╭─[0m[35m───────────────────────────────────────────────────────────────────────[0m[35m 🔧 Agent Tool Execution [0m[35m───────────────────────────────────────────────────────────────────────[0m[35m─╮[0m
[35m│[0m                                                                                                                                                                         [35m│[0m
[35m│[0m  [37mAgent: [0m[1;92mDeterministic Pattern Detection Specialist[0m                                                                                                                      [35m│[0m
[35m│[0m                                                                                                                                                                         [35m│[0m
[35m│[0m  [37mThought: [0m[92mThought: I need to detect chart patterns using the same OHLCV bundle file.[0m                                                                                    [35m│[0m
[35m│[0m                                                                                                                                                                         [35m│[0m
[35m│[0m  [37mUsing Tool: [0m[1;92mdetect_chart_patterns_tool[0m                                                                                                                                 [35m│[0m
[35m│[0m                                                                                                                                                                         [35m│[0m
[35m╰─────────────────────────────────────────────────────────────────────────────────────────────────────────────────────────────────────────────────────────────────────────╯[0m
[34m╭─[0m[34m─────────────────────────────────────────────────────────────────────────────[0m[34m Tool Input [0m[34m──────────────────────────────────────────────────────────────────────────────[0m[34m─╮[0m
[34m│[0m                                                                                                                                                                         [34m│[0m
[34m│[0m  [38;2;230;219;116;49m"{\"ohlcv_json\": \"C:\\\\Users\\\\ADARSH NAIK\\\\Desktop\\\\signal_sync\\\\src\\\\signal_sync\\\\ta\\\\cache\\\\ITC.NS_bundle_20260604T164740Z.json\"}"[0m               [34m│[0m
[34m│[0m                                                                                                                                                                         [34m│[0m
[34m╰─────────────────────────────────────────────────────────────────────────────────────────────────────────────────────────────────────────────────────────────────────────╯[0m
[32m╭─[0m[32m─────────────────────────────────────────────────────────────────────────────[0m[32m Tool Output [0m[32m─────────────────────────────────────────────────────────────────────────────[0m[32m─╮[0m
[32m│[0m                                                                                                                                                                         [32m│[0m
[32m│[0m  [92m{"success": true, "chart_patterns": []}[0m                                                                                                                                [32m│[0m
[32m│[0m                                                                                                                                                                         [32m│[0m
[32m╰─────────────────────────────────────────────────────────────────────────────────────────────────────────────────────────────────────────────────────────────────────────╯[0m

[35m╭─[0m[35m───────────────────────────────────────────────────────────────────────[0m[35m 🔧 Agent Tool Execution [0m[35m───────────────────────────────────────────────────────────────────────[0m[35m─╮[0m
[35m│[0m                                                                                                                                                                         [35m│[0m
[35m│[0m  [37mAgent: [0m[1;92mDeterministic Pattern Detection Specialist[0m                                                                                                                      [35m│[0m
[35m│[0m                                                                                                                                                                         [35m│[0m
[35m│[0m  [37mThought: [0m[92mThought: I will render the chart using the provided OHLCV bundle file.[0m                                                                                        [35m│[0m
[35m│[0m                                                                                                                                                                         [35m│[0m
[35m│[0m  [37mUsing Tool: [0m[1;92mrender_chart_tool[0m                                                                                                                                          [35m│[0m
[35m│[0m                                                                                                                                                                         [35m│[0m
[35m╰─────────────────────────────────────────────────────────────────────────────────────────────────────────────────────────────────────────────────────────────────────────╯[0m
[34m╭─[0m[34m─────────────────────────────────────────────────────────────────────────────[0m[34m Tool Input [0m[34m──────────────────────────────────────────────────────────────────────────────[0m[34m─╮[0m
[34m│[0m                                                                                                                                                                         [34m│[0m
[34m│[0m  [38;2;230;219;116;49m"{\"ohlcv_json\": \"C:\\\\Users\\\\ADARSH NAIK\\\\Desktop\\\\signal_sync\\\\src\\\\signal_sync\\\\ta\\\\cache\\\\ITC.NS_bundle_20260604T164740Z.json\", \"ticker\": \[0m  [34m│[0m
[34m│[0m                                                                                                                                                                         [34m│[0m
[34m╰─────────────────────────────────────────────────────────────────────────────────────────────────────────────────────────────────────────────────────────────────────────╯[0m
[32m╭─[0m[32m─────────────────────────────────────────────────────────────────────────────[0m[32m Tool Output [0m[32m─────────────────────────────────────────────────────────────────────────────[0m[32m─╮[0m
[32m│[0m                                                                                                                                                                         [32m│[0m
[32m│[0m  [92m{'success': True, 'chart_path': 'C:\\Users\\ADARSH NAIK\\Desktop\\signal_sync\\src\\signal_sync\\ta\\charts\\ITC.NS_20260604T164757Z.png', 'rows_rendered': 63, [0m       [32m│[0m
[32m│[0m  [92m'source_key': 'daily_ohlcv'}[0m                                                                                                                                           [32m│[0m
[32m│[0m                                                                                                                                                                         [32m│[0m
[32m│[0m                                                                                                                                                                         [32m│[0m
[32m│[0m  [92mYou ONLY have access to the following tools, and should NEVER make up tools that are not listed here:[0m                                                                  [32m│[0m
[32m│[0m                                                                                                                                                                         [32m│[0m
[32m│[0m  [92mTool Name: detect_candlestick_patterns_tool[0m                                                                                                                            [32m│[0m
[32m│[0m  [92mTool Arguments: {'ohlcv_json': {'description': 'JSON string or file path containing OHLCV list/object. Supports keys: ohlcv, daily_ohlcv, weekly_ohlcv.', 'type': [0m     [32m│[0m
[32m│[0m  [92m'str'}}[0m                                                                                                                                                                [32m│[0m
[32m│[0m  [92mTool Description: Detect deterministic candlestick patterns: doji, hammer, engulfing, shooting star.[0m                                                                   [32m│[0m
[32m│[0m  [92mTool Name: detect_chart_patterns_tool[0m                                                                                                                                  [32m│[0m
[32m│[0m  [92mTool Arguments: {'ohlcv_json': {'description': 'JSON string or file path containing OHLCV list/object. Supports keys: ohlcv, daily_ohlcv, weekly_ohlcv.', 'type': [0m     [32m│[0m
[32m│[0m  [92m'str'}}[0m                                                                                                                                                                [32m│[0m
[32m│[0m  [92mTool Description: Detect deterministic chart structures using local extrema: double top, double bottom, channel proxy.[0m                                                 [32m│[0m
[32m│[0m  [92mTool Name: render_chart_tool[0m                                                                                                                                           [32m│[0m
[32m│[0m  [92mTool Arguments: {'ohlcv_json': {'description': 'JSON string or file path containing OHLCV list/object. Supports bundle keys: ohlcv, daily_ohlcv, weekly_ohlcv.', [0m      [32m│[0m
[32m│[0m  [92m'type': 'str'}, 'ticker': {'description': 'Ticker symbol for chart title and filename.', 'type': 'str'}, 'include_rsi': {'description': 'Render optional RSI panel.',[0m  [32m│[0m
[32m│[0m  [92m'type': 'bool'}}[0m                                                                                                                                                       [32m│[0m
[32m│[0m  [92mTool Description: Render internal TA chart PNG (price-volume + EMA overlays, optional RSI).[0m                                                                            [32m│[0m
[32m│[0m  [92mTool Name: vision_review_tool[0m                                                                                                                                          [32m│[0m
[32m│[0m  [92mTool Arguments: {'chart_path': {'description': 'Absolute path to generated chart image file.', 'type': 'str'}, 'model': {'description': 'Vision-capable model name.',[0m  [32m│[0m
[32m│[0m  [92m'type': 'str'}}[0m                                                                                                                                                        [32m│[0m
[32m│[0m  [92mTool Description: Advisory visual review of generated chart. Deterministic tools remain source-of-truth.[0m                                                               [32m│[0m
[32m│[0m                                                                                                                                                                         [32m│[0m
[32m│[0m  [92mIMPORTANT: Use the following format in your response:[0m                                                                                                                  [32m│[0m
[32m│[0m                                                                                                                                                                         [32m│[0m
[32m│[0m  [92m```[0m                                                                                                                                                                    [32m│[0m
[32m│[0m  [92mThought: you should always think about what to do[0m                                                                                                                      [32m│[0m
[32m│[0m  [92mAction: the action to take, only one name of [detect_candlestick_patterns_tool, detect_chart_patterns_tool, render_chart_tool, vision_review_tool], just the name, [0m    [32m│[0m
[32m│[0m  [92mexactl...[0m                                                                                                                                                              [32m│[0m
[32m│[0m                                                                                                                                                                         [32m│[0m
[32m╰─────────────────────────────────────────────────────────────────────────────────────────────────────────────────────────────────────────────────────────────────────────╯[0m

[35m╭─[0m[35m───────────────────────────────────────────────────────────────────────[0m[35m 🔧 Agent Tool Execution [0m[35m───────────────────────────────────────────────────────────────────────[0m[35m─╮[0m
[35m│[0m                                                                                                                                                                         [35m│[0m
[35m│[0m  [37mAgent: [0m[1;92mDeterministic Pattern Detection Specialist[0m                                                                                                                      [35m│[0m
[35m│[0m                                                                                                                                                                         [35m│[0m
[35m│[0m  [37mThought: [0m[92mThought: Now I will perform a visual review of the rendered chart.[0m                                                                                            [35m│[0m
[35m│[0m                                                                                                                                                                         [35m│[0m
[35m│[0m  [37mUsing Tool: [0m[1;92mvision_review_tool[0m                                                                                                                                         [35m│[0m
[35m│[0m                                                                                                                                                                         [35m│[0m
[35m╰─────────────────────────────────────────────────────────────────────────────────────────────────────────────────────────────────────────────────────────────────────────╯[0m
[34m╭─[0m[34m─────────────────────────────────────────────────────────────────────────────[0m[34m Tool Input [0m[34m──────────────────────────────────────────────────────────────────────────────[0m[34m─╮[0m
[34m│[0m                                                                                                                                                                         [34m│[0m
[34m│[0m  [38;2;230;219;116;49m"{\"chart_path\": \"C:\\\\Users\\\\ADARSH NAIK\\\\Desktop\\\\signal_sync\\\\src\\\\signal_sync\\\\ta\\\\charts\\\\ITC.NS_20260604T164757Z.png\", \"model\": \"default[0m  [34m│[0m
[34m│[0m                                                                                                                                                                         [34m│[0m
[34m╰─────────────────────────────────────────────────────────────────────────────────────────────────────────────────────────────────────────────────────────────────────────╯[0m
[32m╭─[0m[32m─────────────────────────────────────────────────────────────────────────────[0m[32m Tool Output [0m[32m─────────────────────────────────────────────────────────────────────────────[0m[32m─╮[0m
[32m│[0m                                                                                                                                                                         [32m│[0m
[32m│[0m  [92m{'success': True, 'visual_summary': 'The chart shows a recent downtrend with the price closing below the EMA20, EMA50, and EMA200, indicating bearish momentum. The [0m   [32m│[0m
[32m│[0m  [92mEMA20 has crossed below the EMA50, reinforcing the short-term bearish signal. Volume spikes are observed during some down days, suggesting selling pressure. There is[0m  [32m│[0m
[32m│[0m  [92mno clear breakout pattern; the price appears to be consolidating near recent lows after a sharp decline.', 'confidence': 0.85, 'advisory_only': True, [0m                 [32m│[0m
[32m│[0m  [92m'image_analysis_status': 'completed', 'chart_path': 'C:\\Users\\ADARSH NAIK\\Desktop\\signal_sync\\src\\signal_sync\\ta\\charts\\ITC.NS_20260604T164757Z.png', [0m        [32m│[0m
[32m│[0m  [92m'model': 'gpt-4.1-mini', 'image_size': {'width': 1820, 'height': 1040}, 'reviewed_image_size': {'width': 1200, 'height': 686}}[0m                                         [32m│[0m
[32m│[0m                                                                                                                                                                         [32m│[0m
[32m╰─────────────────────────────────────────────────────────────────────────────────────────────────────────────────────────────────────────────────────────────────────────╯[0m

[32m╭─[0m[32m────────────────────────────────────────────────────────────────────────[0m[32m ✅ Agent Final Answer [0m[32m────────────────────────────────────────────────────────────────────────[0m[32m─╮[0m
[32m│[0m                                                                                                                                                                         [32m│[0m
[32m│[0m  [37mAgent: [0m[1;92mDeterministic Pattern Detection Specialist[0m                                                                                                                      [32m│[0m
[32m│[0m                                                                                                                                                                         [32m│[0m
[32m│[0m  [37mFinal Answer:[0m                                                                                                                                                          [32m│[0m
[32m│[0m  [92m{[0m                                                                                                                                                                      [32m│[0m
[32m│[0m  [92m  "candlestick_patterns": [],[0m                                                                                                                                          [32m│[0m
[32m│[0m  [92m  "chart_patterns": [],[0m                                                                                                                                                [32m│[0m
[32m│[0m  [92m  "chart_path": "C:\\Users\\ADARSH NAIK\\Desktop\\signal_sync\\src\\signal_sync\\ta\\charts\\ITC.NS_20260604T164757Z.png",[0m                                             [32m│[0m
[32m│[0m  [92m  "visual_review": {[0m                                                                                                                                                   [32m│[0m
[32m│[0m  [92m    "visual_summary": "The chart shows a recent downtrend with the price closing below the EMA20, EMA50, and EMA200, indicating bearish momentum. The EMA20 has [0m       [32m│[0m
[32m│[0m  [92mcrossed below the EMA50, reinforcing the short-term bearish signal. Volume spikes are observed during some down days, suggesting selling pressure. There is no clear [0m  [32m│[0m
[32m│[0m  [92mbreakout pattern; the price appears to be consolidating near recent lows after a sharp decline.",[0m                                                                      [32m│[0m
[32m│[0m  [92m    "confidence": 0.85,[0m                                                                                                                                                [32m│[0m
[32m│[0m  [92m    "advisory_only": true,[0m                                                                                                                                             [32m│[0m
[32m│[0m  [92m    "image_analysis_status": "completed",[0m                                                                                                                              [32m│[0m
[32m│[0m  [92m    "chart_path": "C:\\Users\\ADARSH NAIK\\Desktop\\signal_sync\\src\\signal_sync\\ta\\charts\\ITC.NS_20260604T164757Z.png",[0m                                           [32m│[0m
[32m│[0m  [92m    "model": "gpt-4.1-mini",[0m                                                                                                                                           [32m│[0m
[32m│[0m  [92m    "image_size": {[0m                                                                                                                                                    [32m│[0m
[32m│[0m  [92m      "width": 1820,[0m                                                                                                                                                   [32m│[0m
[32m│[0m  [92m      "height": 1040[0m                                                                                                                                                   [32m│[0m
[32m│[0m  [92m    },[0m                                                                                                                                                                 [32m│[0m
[32m│[0m  [92m    "reviewed_image_size": {[0m                                                                                                                                           [32m│[0m
[32m│[0m  [92m      "width": 1200,[0m                                                                                                                                                   [32m│[0m
[32m│[0m  [92m      "height": 686[0m                                                                                                                                                    [32m│[0m
[32m│[0m  [92m    }[0m                                                                                                                                                                  [32m│[0m
[32m│[0m  [92m  }[0m                                                                                                                                                                    [32m│[0m
[32m│[0m  [92m}[0m                                                                                                                                                                      [32m│[0m
[32m│[0m                                                                                                                                                                         [32m│[0m
[32m╰─────────────────────────────────────────────────────────────────────────────────────────────────────────────────────────────────────────────────────────────────────────╯[0m

[33m╭─[0m[33m────────────────────────────────────────────────────────────────────────────[0m[33m Task Started [0m[33m─────────────────────────────────────────────────────────────────────────────[0m[33m─╮[0m
[33m│[0m                                                                                                                                                                         [33m│[0m
[33m│[0m  [1;33m📋 Task: d8e27e4f-0eca-44cf-af64-e93835dd1d21[0m                                                                                                                          [33m│[0m
[33m│[0m  [37mStatus: [0m[2;33mExecuting Task...[0m                                                                                                                                              [33m│[0m
[33m│[0m                                                                                                                                                                         [33m│[0m
[33m╰─────────────────────────────────────────────────────────────────────────────────────────────────────────────────────────────────────────────────────────────────────────╯[0m


[35m╭─[0m[35m──────────────────────────────────────────────────────────────────────────[0m[35m 🤖 Agent Started [0m[35m───────────────────────────────────────────────────────────────────────────[0m[35m─╮[0m
[35m│[0m                                                                                                                                                                         [35m│[0m
[35m│[0m  [37mAgent: [0m[1;92mSupport and Resistance Structure Specialist[0m                                                                                                                     [35m│[0m
[35m│[0m                                                                                                                                                                         [35m│[0m
[35m│[0m  [37mTask: [0m[92mBuild support and resistance zones by combining swings, clustered levels, volume zones, and dynamic EMA levels with weighted confidence. Pass the bundle_file [0m   [35m│[0m
[35m│[0m  [92mpath from market_data_task directly into the tools.[0m                                                                                                                    [35m│[0m
[35m│[0m                                                                                                                                                                         [35m│[0m
[35m│[0m                                                                                                                                                                         [35m│[0m
[35m╰─────────────────────────────────────────────────────────────────────────────────────────────────────────────────────────────────────────────────────────────────────────╯[0m

[35m╭─[0m[35m───────────────────────────────────────────────────────────────────────[0m[35m 🔧 Agent Tool Execution [0m[35m───────────────────────────────────────────────────────────────────────[0m[35m─╮[0m
[35m│[0m                                                                                                                                                                         [35m│[0m
[35m│[0m  [37mAgent: [0m[1;92mSupport and Resistance Structure Specialist[0m                                                                                                                     [35m│[0m
[35m│[0m                                                                                                                                                                         [35m│[0m
[35m│[0m  [37mThought: [0m[92mI need to gather and analyze the swings, clustered levels, volume zones, and dynamic EMA levels to build support and resistance zones.[0m                        [35m│[0m
[35m│[0m                                                                                                                                                                         [35m│[0m
[35m│[0m  [37mUsing Tool: [0m[1;92mfind_swings_tool[0m                                                                                                                                           [35m│[0m
[35m│[0m                                                                                                                                                                         [35m│[0m
[35m╰─────────────────────────────────────────────────────────────────────────────────────────────────────────────────────────────────────────────────────────────────────────╯[0m
[34m╭─[0m[34m─────────────────────────────────────────────────────────────────────────────[0m[34m Tool Input [0m[34m──────────────────────────────────────────────────────────────────────────────[0m[34m─╮[0m
[34m│[0m                                                                                                                                                                         [34m│[0m
[34m│[0m  [38;2;230;219;116;49m"{\"ohlcv_json\": \"C:\\\\Users\\\\ADARSH NAIK\\\\Desktop\\\\signal_sync\\\\src\\\\signal_sync\\\\ta\\\\cache\\\\ITC.NS_bundle_20260604T164740Z.json\"}"[0m               [34m│[0m
[34m│[0m                                                                                                                                                                         [34m│[0m
[34m╰─────────────────────────────────────────────────────────────────────────────────────────────────────────────────────────────────────────────────────────────────────────╯[0m
[32m╭─[0m[32m─────────────────────────────────────────────────────────────────────────────[0m[32m Tool Output [0m[32m─────────────────────────────────────────────────────────────────────────────[0m[32m─╮[0m
[32m│[0m                                                                                                                                                                         [32m│[0m
[32m│[0m  [92m{'success': True, 'swing_highs': [300.8537, 296.1811, 301.4378, 307.8628, 302.0706, 283.25], 'swing_lows': [297.8846, 280.07, 290.7296, 293.6013, 292.7252, 277.0]}[0m    [32m│[0m
[32m│[0m                                                                                                                                                                         [32m│[0m
[32m╰─────────────────────────────────────────────────────────────────────────────────────────────────────────────────────────────────────────────────────────────────────────╯[0m

[35m╭─[0m[35m───────────────────────────────────────────────────────────────────────[0m[35m 🔧 Agent Tool Execution [0m[35m───────────────────────────────────────────────────────────────────────[0m[35m─╮[0m
[35m│[0m                                                                                                                                                                         [35m│[0m
[35m│[0m  [37mAgent: [0m[1;92mSupport and Resistance Structure Specialist[0m                                                                                                                     [35m│[0m
[35m│[0m                                                                                                                                                                         [35m│[0m
[35m│[0m  [37mThought: [0m[92mThought: I have successfully detected the swing highs and lows. Next, I will cluster these swing levels to form more defined support and resistance zones.[0m    [35m│[0m
[35m│[0m                                                                                                                                                                         [35m│[0m
[35m│[0m  [37mUsing Tool: [0m[1;92mcluster_levels_tool[0m                                                                                                                                        [35m│[0m
[35m│[0m                                                                                                                                                                         [35m│[0m
[35m╰─────────────────────────────────────────────────────────────────────────────────────────────────────────────────────────────────────────────────────────────────────────╯[0m
[34m╭─[0m[34m─────────────────────────────────────────────────────────────────────────────[0m[34m Tool Input [0m[34m──────────────────────────────────────────────────────────────────────────────[0m[34m─╮[0m
[34m│[0m                                                                                                                                                                         [34m│[0m
[34m│[0m  [38;2;230;219;116;49m"{\"levels_json\": \"{\\\"swing_highs\\\":[300.8537, 296.1811, 301.4378, 307.8628, 302.0706, 283.25], \\\"swing_lows\\\":[297.8846, 280.07, 290.7296, 293.6013, 292.7[0m  [34m│[0m
[34m│[0m                                                                                                                                                                         [34m│[0m
[34m╰─────────────────────────────────────────────────────────────────────────────────────────────────────────────────────────────────────────────────────────────────────────╯[0m
[32m╭─[0m[32m─────────────────────────────────────────────────────────────────────────────[0m[32m Tool Output [0m[32m─────────────────────────────────────────────────────────────────────────────[0m[32m─╮[0m
[32m│[0m                                                                                                                                                                         [32m│[0m
[32m│[0m  [92m{'success': True, 'clusters': [298.6093]}[0m                                                                                                                              [32m│[0m
[32m│[0m                                                                                                                                                                         [32m│[0m
[32m╰─────────────────────────────────────────────────────────────────────────────────────────────────────────────────────────────────────────────────────────────────────────╯[0m

[35m╭─[0m[35m───────────────────────────────────────────────────────────────────────[0m[35m 🔧 Agent Tool Execution [0m[35m───────────────────────────────────────────────────────────────────────[0m[35m─╮[0m
[35m│[0m                                                                                                                                                                         [35m│[0m
[35m│[0m  [37mAgent: [0m[1;92mSupport and Resistance Structure Specialist[0m                                                                                                                     [35m│[0m
[35m│[0m                                                                                                                                                                         [35m│[0m
[35m│[0m  [37mThought: [0m[92mThought: I have clustered the swing levels. Now, I'll analyze volume zones to further assist in identifying strong support and resistance areas.[0m              [35m│[0m
[35m│[0m                                                                                                                                                                         [35m│[0m
[35m│[0m  [37mUsing Tool: [0m[1;92mvolume_zone_tool[0m                                                                                                                                           [35m│[0m
[35m│[0m                                                                                                                                                                         [35m│[0m
[35m╰─────────────────────────────────────────────────────────────────────────────────────────────────────────────────────────────────────────────────────────────────────────╯[0m
[34m╭─[0m[34m─────────────────────────────────────────────────────────────────────────────[0m[34m Tool Input [0m[34m──────────────────────────────────────────────────────────────────────────────[0m[34m─╮[0m
[34m│[0m                                                                                                                                                                         [34m│[0m
[34m│[0m  [38;2;230;219;116;49m"{\"ohlcv_json\": \"C:\\\\Users\\\\ADARSH NAIK\\\\Desktop\\\\signal_sync\\\\src\\\\signal_sync\\\\ta\\\\cache\\\\ITC.NS_bundle_20260604T164740Z.json\"}"[0m               [34m│[0m
[34m│[0m                                                                                                                                                                         [34m│[0m
[34m╰─────────────────────────────────────────────────────────────────────────────────────────────────────────────────────────────────────────────────────────────────────────╯[0m
[32m╭─[0m[32m─────────────────────────────────────────────────────────────────────────────[0m[32m Tool Output [0m[32m─────────────────────────────────────────────────────────────────────────────[0m[32m─╮[0m
[32m│[0m                                                                                                                                                                         [32m│[0m
[32m│[0m  [92m{'success': True, 'volume_zones': [{'zone_low': 296.2892, 'zone_high': 300.1471, 'volume_weight': 290529977.0}, {'zone_low': 292.4314, 'zone_high': 296.2892, [0m         [32m│[0m
[32m│[0m  [92m'volume_weight': 290050686.0}, {'zone_low': 300.1471, 'zone_high': 304.0049, 'volume_weight': 234224260.0}]}[0m                                                           [32m│[0m
[32m│[0m                                                                                                                                                                         [32m│[0m
[32m│[0m                                                                                                                                                                         [32m│[0m
[32m│[0m  [92mYou ONLY have access to the following tools, and should NEVER make up tools that are not listed here:[0m                                                                  [32m│[0m
[32m│[0m                                                                                                                                                                         [32m│[0m
[32m│[0m  [92mTool Name: find_swings_tool[0m                                                                                                                                            [32m│[0m
[32m│[0m  [92mTool Arguments: {'ohlcv_json': {'description': 'JSON string or file path containing OHLCV list/object. Supports keys: ohlcv, daily_ohlcv, weekly_ohlcv.', 'type': [0m     [32m│[0m
[32m│[0m  [92m'str'}}[0m                                                                                                                                                                [32m│[0m
[32m│[0m  [92mTool Description: Detect swing highs/lows using scipy find_peaks with prominence and distance.[0m                                                                         [32m│[0m
[32m│[0m  [92mTool Name: cluster_levels_tool[0m                                                                                                                                         [32m│[0m
[32m│[0m  [92mTool Arguments: {'levels_json': {'description': 'JSON list of numeric levels or object containing levels list.', 'type': 'str'}, 'threshold_pct': {'description': [0m     [32m│[0m
[32m│[0m  [92m'Cluster threshold as % of level, default 0.5%.', 'type': 'float'}}[0m                                                                                                    [32m│[0m
[32m│[0m  [92mTool Description: Merge nearby levels into support/resistance zones using threshold clustering.[0m                                                                        [32m│[0m
[32m│[0m  [92mTool Name: volume_zone_tool[0m                                                                                                                                            [32m│[0m
[32m│[0m  [92mTool Arguments: {'ohlcv_json': {'description': 'JSON string or file path containing OHLCV list/object. Supports keys: ohlcv, daily_ohlcv, weekly_ohlcv.', 'type': [0m     [32m│[0m
[32m│[0m  [92m'str'}}[0m                                                                                                                                                                [32m│[0m
[32m│[0m  [92mTool Description: Identify high-participation price zones using volume concentration bins.[0m                                                                             [32m│[0m
[32m│[0m  [92mTool Name: dynamic_sr_tool[0m                                                                                                                                             [32m│[0m
[32m│[0m  [92mTool Arguments: {'ohlcv_json': {'description': 'JSON string or file path containing OHLCV list/object. Supports keys: ohlcv, daily_ohlcv, weekly_ohlcv.', 'type': [0m     [32m│[0m
[32m│[0m  [92m'str'}}[0m                                                                                                                                                                [32m│[0m
[32m│[0m  [92mTool Description: Use EMA50/100/200 as dynamic support/resistance context.[0m                                                                                             [32m│[0m
[32m│[0m                                                                                                                                                                         [32m│[0m
[32m│[0m  [92mIMPORTANT: Use the following format in your response:[0m                                                                                                                  [32m│[0m
[32m│[0m                                                                                                                                                                         [32m│[0m
[32m│[0m  [92m```[0m                                                                                                                                                                    [32m│[0m
[32m│[0m  [92mThought: you should always think about what to do[0m                                                                                                                      [32m│[0m
[32m│[0m  [92mAction: the action to take, only one name of [find_swings_tool, cluster_levels_tool, volume_zone_tool, dynamic_sr_tool], just the name, exactly as it's written.[0m       [32m│[0m
[32m│[0m  [92mAction Input: the input to the action, just a simple JSON object, enclosed in curly braces, using " to wrap keys and values.[0m                                           [32m│[0m
[32m│[0m  [92mObservation: the r...[0m                                                                                                                                                  [32m│[0m
[32m│[0m                                                                                                                                                                         [32m│[0m
[32m╰─────────────────────────────────────────────────────────────────────────────────────────────────────────────────────────────────────────────────────────────────────────╯[0m

[35m╭─[0m[35m───────────────────────────────────────────────────────────────────────[0m[35m 🔧 Agent Tool Execution [0m[35m───────────────────────────────────────────────────────────────────────[0m[35m─╮[0m
[35m│[0m                                                                                                                                                                         [35m│[0m
[35m│[0m  [37mAgent: [0m[1;92mSupport and Resistance Structure Specialist[0m                                                                                                                     [35m│[0m
[35m│[0m                                                                                                                                                                         [35m│[0m
[35m│[0m  [37mThought: [0m[92mThought: I've gathered volume zones. Now I will integrate dynamic EMA levels to provide additional context for defining support and resistance zones.[0m         [35m│[0m
[35m│[0m                                                                                                                                                                         [35m│[0m
[35m│[0m  [37mUsing Tool: [0m[1;92mdynamic_sr_tool[0m                                                                                                                                            [35m│[0m
[35m│[0m                                                                                                                                                                         [35m│[0m
[35m╰─────────────────────────────────────────────────────────────────────────────────────────────────────────────────────────────────────────────────────────────────────────╯[0m
[34m╭─[0m[34m─────────────────────────────────────────────────────────────────────────────[0m[34m Tool Input [0m[34m──────────────────────────────────────────────────────────────────────────────[0m[34m─╮[0m
[34m│[0m                                                                                                                                                                         [34m│[0m
[34m│[0m  [38;2;230;219;116;49m"{\"ohlcv_json\": \"C:\\\\Users\\\\ADARSH NAIK\\\\Desktop\\\\signal_sync\\\\src\\\\signal_sync\\\\ta\\\\cache\\\\ITC.NS_bundle_20260604T164740Z.json\"}"[0m               [34m│[0m
[34m│[0m                                                                                                                                                                         [34m│[0m
[34m╰─────────────────────────────────────────────────────────────────────────────────────────────────────────────────────────────────────────────────────────────────────────╯[0m
[32m╭─[0m[32m─────────────────────────────────────────────────────────────────────────────[0m[32m Tool Output [0m[32m─────────────────────────────────────────────────────────────────────────────[0m[32m─╮[0m
[32m│[0m                                                                                                                                                                         [32m│[0m
[32m│[0m  [92m{'success': True, 'close': 280.3, 'ema_levels': {'ema50': 294.5821, 'ema100': 297.0772, 'ema200': 299.477}, 'dynamic_support': [], 'dynamic_resistance': [294.5821, [0m   [32m│[0m
[32m│[0m  [92m297.0772, 299.477]}[0m                                                                                                                                                    [32m│[0m
[32m│[0m                                                                                                                                                                         [32m│[0m
[32m╰─────────────────────────────────────────────────────────────────────────────────────────────────────────────────────────────────────────────────────────────────────────╯[0m

[32m╭─[0m[32m────────────────────────────────────────────────────────────────────────[0m[32m ✅ Agent Final Answer [0m[32m────────────────────────────────────────────────────────────────────────[0m[32m─╮[0m
[32m│[0m                                                                                                                                                                         [32m│[0m
[32m│[0m  [37mAgent: [0m[1;92mSupport and Resistance Structure Specialist[0m                                                                                                                     [32m│[0m
[32m│[0m                                                                                                                                                                         [32m│[0m
[32m│[0m  [37mFinal Answer:[0m                                                                                                                                                          [32m│[0m
[32m│[0m  [92m{[0m                                                                                                                                                                      [32m│[0m
[32m│[0m  [92m    "support_zones": [[0m                                                                                                                                                 [32m│[0m
[32m│[0m  [92m        {[0m                                                                                                                                                              [32m│[0m
[32m│[0m  [92m            "zone_low": 280.07,[0m                                                                                                                                        [32m│[0m
[32m│[0m  [92m            "zone_high": 283.25,[0m                                                                                                                                       [32m│[0m
[32m│[0m  [92m            "confidence": 0.7[0m                                                                                                                                          [32m│[0m
[32m│[0m  [92m        },[0m                                                                                                                                                             [32m│[0m
[32m│[0m  [92m        {[0m                                                                                                                                                              [32m│[0m
[32m│[0m  [92m            "zone_low": 292.4314,[0m                                                                                                                                      [32m│[0m
[32m│[0m  [92m            "zone_high": 296.2892,[0m                                                                                                                                     [32m│[0m
[32m│[0m  [92m            "confidence": 0.8[0m                                                                                                                                          [32m│[0m
[32m│[0m  [92m        }[0m                                                                                                                                                              [32m│[0m
[32m│[0m  [92m    ],[0m                                                                                                                                                                 [32m│[0m
[32m│[0m  [92m    "resistance_zones": [[0m                                                                                                                                              [32m│[0m
[32m│[0m  [92m        {[0m                                                                                                                                                              [32m│[0m
[32m│[0m  [92m            "zone_low": 294.5821,[0m                                                                                                                                      [32m│[0m
[32m│[0m  [92m            "zone_high": 297.0772,[0m                                                                                                                                     [32m│[0m
[32m│[0m  [92m            "confidence": 0.75[0m                                                                                                                                         [32m│[0m
[32m│[0m  [92m        },[0m                                                                                                                                                             [32m│[0m
[32m│[0m  [92m        {[0m                                                                                                                                                              [32m│[0m
[32m│[0m  [92m            "zone_low": 300.1471,[0m                                                                                                                                      [32m│[0m
[32m│[0m  [92m            "zone_high": 304.0049,[0m                                                                                                                                     [32m│[0m
[32m│[0m  [92m            "confidence": 0.85[0m                                                                                                                                         [32m│[0m
[32m│[0m  [92m        }[0m                                                                                                                                                              [32m│[0m
[32m│[0m  [92m    ],[0m                                                                                                                                                                 [32m│[0m
[32m│[0m  [92m    "evidence_by_layer": {[0m                                                                                                                                             [32m│[0m
[32m│[0m  [92m        "swings": {[0m                                                                                                                                                    [32m│[0m
[32m│[0m  [92m            "highs": [300.8537, 296.1811, 301.4378, 307.8628, 302.0706, 283.25],[0m                                                                                       [32m│[0m
[32m│[0m  [92m            "lows": [297.8846, 280.07, 290.7296, 293.6013, 292.7252, 277.0][0m                                                                                            [32m│[0m
[32m│[0m  [92m        },[0m                                                                                                                                                             [32m│[0m
[32m│[0m  [92m        "clusters": [298.6093],[0m                                                                                                                                        [32m│[0m
[32m│[0m  [92m        "volume_zones": [[0m                                                                                                                                              [32m│[0m
[32m│[0m  [92m            {"zone_low": 296.2892, "zone_high": 300.1471, "volume_weight": 290529977.0},[0m                                                                               [32m│[0m
[32m│[0m  [92m            {"zone_low": 292.4314, "zone_high": 296.2892, "volume_weight": 290050686.0},[0m                                                                               [32m│[0m
[32m│[0m  [92m            {"zone_low": 300.1471, "zone_high": 304.0049, "volume_weight": 234224260.0}[0m                                                                                [32m│[0m
[32m│[0m  [92m        ],[0m                                                                                                                                                             [32m│[0m
[32m│[0m  [92m        "dynamic_ema": {[0m                                                                                                                                               [32m│[0m
[32m│[0m  [92m            "ema50": 294.5821,[0m                                                                                                                                         [32m│[0m
[32m│[0m  [92m            "ema100": 297.0772,[0m                                                                                                                                        [32m│[0m
[32m│[0m  [92m            "ema200": 299.477[0m                                                                                                                                          [32m│[0m
[32m│[0m  [92m        }[0m                                                                                                                                                              [32m│[0m
[32m│[0m  [92m    }[0m                                                                                                                                                                  [32m│[0m
[32m│[0m  [92m}[0m                                                                                                                                                                      [32m│[0m
[32m│[0m                                                                                                                                                                         [32m│[0m
[32m╰─────────────────────────────────────────────────────────────────────────────────────────────────────────────────────────────────────────────────────────────────────────╯[0m

[33m╭─[0m[33m────────────────────────────────────────────────────────────────────────────[0m[33m Task Started [0m[33m─────────────────────────────────────────────────────────────────────────────[0m[33m─╮[0m
[33m│[0m                                                                                                                                                                         [33m│[0m
[33m│[0m  [1;33m📋 Task: 8c99e02b-0746-47d1-b329-4b0146bd187d[0m                                                                                                                          [33m│[0m
[33m│[0m  [37mStatus: [0m[2;33mExecuting Task...[0m                                                                                                                                              [33m│[0m
[33m│[0m                                                                                                                                                                         [33m│[0m
[33m╰─────────────────────────────────────────────────────────────────────────────────────────────────────────────────────────────────────────────────────────────────────────╯[0m


[35m╭─[0m[35m──────────────────────────────────────────────────────────────────────────[0m[35m 🤖 Agent Started [0m[35m───────────────────────────────────────────────────────────────────────────[0m[35m─╮[0m
[35m│[0m                                                                                                                                                                         [35m│[0m
[35m│[0m  [37mAgent: [0m[1;92mTechnical Thesis and Signal Reasoning Specialist[0m                                                                                                                [35m│[0m
[35m│[0m                                                                                                                                                                         [35m│[0m
[35m│[0m  [37mTask: [0m[92mSynthesize indicators, patterns, support/resistance, and visual advisory into technical stance, confidence, and thesis for medium/long term.[0m                     [35m│[0m
[35m│[0m                                                                                                                                                                         [35m│[0m
[35m│[0m                                                                                                                                                                         [35m│[0m
[35m╰─────────────────────────────────────────────────────────────────────────────────────────────────────────────────────────────────────────────────────────────────────────╯[0m

[32m╭─[0m[32m────────────────────────────────────────────────────────────────────────[0m[32m ✅ Agent Final Answer [0m[32m────────────────────────────────────────────────────────────────────────[0m[32m─╮[0m
[32m│[0m                                                                                                                                                                         [32m│[0m
[32m│[0m  [37mAgent: [0m[1;92mTechnical Thesis and Signal Reasoning Specialist[0m                                                                                                                [32m│[0m
[32m│[0m                                                                                                                                                                         [32m│[0m
[32m│[0m  [37mFinal Answer:[0m                                                                                                                                                          [32m│[0m
[32m│[0m  [92m{[0m                                                                                                                                                                      [32m│[0m
[32m│[0m  [92m  "stance": "bearish",[0m                                                                                                                                                 [32m│[0m
[32m│[0m  [92m  "confidence": 0.85,[0m                                                                                                                                                  [32m│[0m
[32m│[0m  [92m  "thesis": "Given the current indicators, the price is exhibiting a clear bearish trend with strong momentum against it. The price is consistently closing below key[0m  [32m│[0m
[32m│[0m  [92mmoving averages (EMA20, EMA50, and EMA200), indicating a lack of bullish support. The RSI is significantly low at 24.92, reinforcing oversold conditions, yet this [0m    [32m│[0m
[32m│[0m  [92mdoes not suggest an imminent reversal but rather a continuation of the downward pressure. The MACD also indicates bearish momentum as it remains negative. [0m            [32m│[0m
[32m│[0m  [92mAdditionally, volume spikes during declines suggest persistent selling pressure without a clear reversal signal. Overall, the analysis points towards continued [0m       [32m│[0m
[32m│[0m  [92mweakness in price with potential consolidation expected near recent lows, making short to medium-term bearish positioning favorable.",[0m                                 [32m│[0m
[32m│[0m  [92m  "key_support": {[0m                                                                                                                                                     [32m│[0m
[32m│[0m  [92m    "primary_zone": {[0m                                                                                                                                                  [32m│[0m
[32m│[0m  [92m      "zone_low": 280.07,[0m                                                                                                                                              [32m│[0m
[32m│[0m  [92m      "zone_high": 283.25,[0m                                                                                                                                             [32m│[0m
[32m│[0m  [92m      "confidence": 0.7[0m                                                                                                                                                [32m│[0m
[32m│[0m  [92m    },[0m                                                                                                                                                                 [32m│[0m
[32m│[0m  [92m    "secondary_zone": {[0m                                                                                                                                                [32m│[0m
[32m│[0m  [92m      "zone_low": 292.4314,[0m                                                                                                                                            [32m│[0m
[32m│[0m  [92m      "zone_high": 296.2892,[0m                                                                                                                                           [32m│[0m
[32m│[0m  [92m      "confidence": 0.8[0m                                                                                                                                                [32m│[0m
[32m│[0m  [92m    }[0m                                                                                                                                                                  [32m│[0m
[32m│[0m  [92m  },[0m                                                                                                                                                                   [32m│[0m
[32m│[0m  [92m  "key_resistance": {[0m                                                                                                                                                  [32m│[0m
[32m│[0m  [92m    "primary_zone": {[0m                                                                                                                                                  [32m│[0m
[32m│[0m  [92m      "zone_low": 294.5821,[0m                                                                                                                                            [32m│[0m
[32m│[0m  [92m      "zone_high": 297.0772,[0m                                                                                                                                           [32m│[0m
[32m│[0m  [92m      "confidence": 0.75[0m                                                                                                                                               [32m│[0m
[32m│[0m  [92m    },[0m                                                                                                                                                                 [32m│[0m
[32m│[0m  [92m    "secondary_zone": {[0m                                                                                                                                                [32m│[0m
[32m│[0m  [92m      "zone_low": 300.1471,[0m                                                                                                                                            [32m│[0m
[32m│[0m  [92m      "zone_high": 304.0049,[0m                                                                                                                                           [32m│[0m
[32m│[0m  [92m      "confidence": 0.85[0m                                                                                                                                               [32m│[0m
[32m│[0m  [92m    }[0m                                                                                                                                                                  [32m│[0m
[32m│[0m  [92m  },[0m                                                                                                                                                                   [32m│[0m
[32m│[0m  [92m  "evidence": {[0m                                                                                                                                                        [32m│[0m
[32m│[0m  [92m    "trend_analysis": {[0m                                                                                                                                                [32m│[0m
[32m│[0m  [92m      "sma20": 293.1969,[0m                                                                                                                                               [32m│[0m
[32m│[0m  [92m      "sma50": 294.0684,[0m                                                                                                                                               [32m│[0m
[32m│[0m  [92m      "ema20": 290.7126,[0m                                                                                                                                               [32m│[0m
[32m│[0m  [92m      "ema50": 294.5821,[0m                                                                                                                                               [32m│[0m
[32m│[0m  [92m      "ema100": 297.0772,[0m                                                                                                                                              [32m│[0m
[32m│[0m  [92m      "ema200": 299.477,[0m                                                                                                                                               [32m│[0m
[32m│[0m  [92m      "momentum": {[0m                                                                                                                                                    [32m│[0m
[32m│[0m  [92m        "rsi14": 24.9196,[0m                                                                                                                                              [32m│[0m
[32m│[0m  [92m        "macd": -4.556,[0m                                                                                                                                                [32m│[0m
[32m│[0m  [92m        "macd_signal": -2.4365,[0m                                                                                                                                        [32m│[0m
[32m│[0m  [92m        "macd_histogram": -2.1195[0m                                                                                                                                      [32m│[0m
[32m│[0m  [92m      }[0m                                                                                                                                                                [32m│[0m
[32m│[0m  [92m    },[0m                                                                                                                                                                 [32m│[0m
[32m│[0m  [92m    "volatility": {[0m                                                                                                                                                    [32m│[0m
[32m│[0m  [92m      "atr14": 5.4793,[0m                                                                                                                                                 [32m│[0m
[32m│[0m  [92m      "bb_upper20": 308.8697,[0m                                                                                                                                          [32m│[0m
[32m│[0m  [92m      "bb_lower20": 277.5242[0m                                                                                                                                           [32m│[0m
[32m│[0m  [92m    },[0m                                                                                                                                                                 [32m│[0m
[32m│[0m  [92m    "visual_review": "The chart indicates a downtrend with lack of bullish patterns, confirming bearish momentum taking over.",[0m                                        [32m│[0m
[32m│[0m  [92m    "volume": {[0m                                                                                                                                                        [32m│[0m
[32m│[0m  [92m      "obv": 20893767.0,[0m                                                                                                                                               [32m│[0m
[32m│[0m  [92m      "volume_weighted_zones": [[0m                                                                                                                                       [32m│[0m
[32m│[0m  [92m        {[0m                                                                                                                                                              [32m│[0m
[32m│[0m  [92m          "zone_low": 296.2892,[0m                                                                                                                                        [32m│[0m
[32m│[0m  [92m          "zone_high": 300.1471,[0m                                                                                                                                       [32m│[0m
[32m│[0m  [92m          "volume_weight": 290529977.0[0m                                                                                                                                 [32m│[0m
[32m│[0m  [92m        },[0m                                                                                                                                                             [32m│[0m
[32m│[0m  [92m        {[0m                                                                                                                                                              [32m│[0m
[32m│[0m  [92m          "zone_low": 292.4314,[0m                                                                                                                                        [32m│[0m
[32m│[0m  [92m          "zone_high": 296.2892,[0m                                                                                                                                       [32m│[0m
[32m│[0m  [92m          "volume_weight": 290050686.0[0m                                                                                                                                 [32m│[0m
[32m│[0m  [92m        }[0m                                                                                                                                                              [32m│[0m
[32m│[0m  [92m      ][0m                                                                                                                                                                [32m│[0m
[32m│[0m  [92m    }[0m                                                                                                                                                                  [32m│[0m
[32m│[0m  [92m  }[0m                                                                                                                                                                    [32m│[0m
[32m│[0m  [92m}[0m                                                                                                                                                                      [32m│[0m
[32m│[0m                                                                                                                                                                         [32m│[0m
[32m╰─────────────────────────────────────────────────────────────────────────────────────────────────────────────────────────────────────────────────────────────────────────╯[0m

[33m╭─[0m[33m────────────────────────────────────────────────────────────────────────────[0m[33m Task Started [0m[33m─────────────────────────────────────────────────────────────────────────────[0m[33m─╮[0m
[33m│[0m                                                                                                                                                                         [33m│[0m
[33m│[0m  [1;33m📋 Task: 4a5104f0-e38b-452a-bca8-19467bdc77df[0m                                                                                                                          [33m│[0m
[33m│[0m  [37mStatus: [0m[2;33mExecuting Task...[0m                                                                                                                                              [33m│[0m
[33m│[0m                                                                                                                                                                         [33m│[0m
[33m╰─────────────────────────────────────────────────────────────────────────────────────────────────────────────────────────────────────────────────────────────────────────╯[0m


[35m╭─[0m[35m──────────────────────────────────────────────────────────────────────────[0m[35m 🤖 Agent Started [0m[35m───────────────────────────────────────────────────────────────────────────[0m[35m─╮[0m
[35m│[0m                                                                                                                                                                         [35m│[0m
[35m│[0m  [37mAgent: [0m[1;92mTechnical Analysis Explainer[0m                                                                                                                                    [35m│[0m
[35m│[0m                                                                                                                                                                         [35m│[0m
[35m│[0m  [37mTask: [0m[92mExplain the analysis in human-readable terms with no hype and no guarantees. Make every uncertainty note specific to the current ticker and grounded in the [0m     [35m│[0m
[35m│[0m  [92msupplied JSON values. Reference concrete indicator values, support/resistance levels, or pattern names instead of generic market filler. Include clear invalidation [0m   [35m│[0m
[35m│[0m  [92mpoints and what to monitor next.[0m                                                                                                                                       [35m│[0m
[35m│[0m                                                                                                                                                                         [35m│[0m
[35m│[0m                                                                                                                                                                         [35m│[0m
[35m╰─────────────────────────────────────────────────────────────────────────────────────────────────────────────────────────────────────────────────────────────────────────╯[0m

[32m╭─[0m[32m────────────────────────────────────────────────────────────────────────[0m[32m ✅ Agent Final Answer [0m[32m────────────────────────────────────────────────────────────────────────[0m[32m─╮[0m
[32m│[0m                                                                                                                                                                         [32m│[0m
[32m│[0m  [37mAgent: [0m[1;92mTechnical Analysis Explainer[0m                                                                                                                                    [32m│[0m
[32m│[0m                                                                                                                                                                         [32m│[0m
[32m│[0m  [37mFinal Answer:[0m                                                                                                                                                          [32m│[0m
[32m│[0m  [92m```json[0m                                                                                                                                                                [32m│[0m
[32m│[0m  [92m{[0m                                                                                                                                                                      [32m│[0m
[32m│[0m  [92m  "summary": {[0m                                                                                                                                                         [32m│[0m
[32m│[0m  [92m    "stance": "bearish",[0m                                                                                                                                               [32m│[0m
[32m│[0m  [92m    "confidence": 0.85,[0m                                                                                                                                                [32m│[0m
[32m│[0m  [92m    "thesis": "The price is showing a sustained bearish trend with strong downward momentum. The presence of consistent closes below critical moving averages (EMA20,[0m  [32m│[0m
[32m│[0m  [92mEMA50, EMA200) indicates a lack of buyer support. Although the RSI at 24.92 signifies oversold conditions, it does not imply a near-term reversal, instead suggesting[0m  [32m│[0m
[32m│[0m  [92mongoing selling pressure. The MACD’s negative values also reinforce this bearish momentum, with volume spikes during price declines indicating persistent selling. [0m    [32m│[0m
[32m│[0m  [92mOverall, the outlook suggests continued weakness with possible consolidation near recent lows, favoring a short-to-medium-term bearish positioning."[0m                   [32m│[0m
[32m│[0m  [92m  },[0m                                                                                                                                                                   [32m│[0m
[32m│[0m  [92m  "indicator_explanation": {[0m                                                                                                                                           [32m│[0m
[32m│[0m  [92m    "EMA": {[0m                                                                                                                                                           [32m│[0m
[32m│[0m  [92m      "EMA20": 290.71,[0m                                                                                                                                                 [32m│[0m
[32m│[0m  [92m      "EMA50": 294.58,[0m                                                                                                                                                 [32m│[0m
[32m│[0m  [92m      "EMA200": 299.48,[0m                                                                                                                                                [32m│[0m
[32m│[0m  [92m      "signal": "These values indicate sustained bearish pressure as the price remains below these moving averages."[0m                                                   [32m│[0m
[32m│[0m  [92m    },[0m                                                                                                                                                                 [32m│[0m
[32m│[0m  [92m    "RSI": {[0m                                                                                                                                                           [32m│[0m
[32m│[0m  [92m      "current_value": 24.92,[0m                                                                                                                                          [32m│[0m
[32m│[0m  [92m      "significance": "Indicates oversold status but does not suggest an immediate reversal due to ongoing downward momentum."[0m                                         [32m│[0m
[32m│[0m  [92m    },[0m                                                                                                                                                                 [32m│[0m
[32m│[0m  [92m    "MACD": {[0m                                                                                                                                                          [32m│[0m
[32m│[0m  [92m      "current_value": -4.556,[0m                                                                                                                                         [32m│[0m
[32m│[0m  [92m      "significance": "Confirms bearish momentum with no signs of a bullish trend emerging."[0m                                                                           [32m│[0m
[32m│[0m  [92m    }[0m                                                                                                                                                                  [32m│[0m
[32m│[0m  [92m  },[0m                                                                                                                                                                   [32m│[0m
[32m│[0m  [92m  "pattern_explanation": {[0m                                                                                                                                             [32m│[0m
[32m│[0m  [92m    "chart_pattern": "The visual review indicates a clear downtrend with no recognizable bullish patterns, aligning with the identified bearish indicators."[0m           [32m│[0m
[32m│[0m  [92m  },[0m                                                                                                                                                                   [32m│[0m
[32m│[0m  [92m  "sr_explanation": {[0m                                                                                                                                                  [32m│[0m
[32m│[0m  [92m    "support": {[0m                                                                                                                                                       [32m│[0m
[32m│[0m  [92m      "primary_zone": {[0m                                                                                                                                                [32m│[0m
[32m│[0m  [92m        "zone_low": 280.07,[0m                                                                                                                                            [32m│[0m
[32m│[0m  [92m        "zone_high": 283.25,[0m                                                                                                                                           [32m│[0m
[32m│[0m  [92m        "confidence": 0.7,[0m                                                                                                                                             [32m│[0m
[32m│[0m  [92m        "explanation": "This area may offer some support but is likely to be tested under current selling pressure."[0m                                                   [32m│[0m
[32m│[0m  [92m      },[0m                                                                                                                                                               [32m│[0m
[32m│[0m  [92m      "secondary_zone": {[0m                                                                                                                                              [32m│[0m
[32m│[0m  [92m        "zone_low": 292.4314,[0m                                                                                                                                          [32m│[0m
[32m│[0m  [92m        "zone_high": 296.2892,[0m                                                                                                                                         [32m│[0m
[32m│[0m  [92m        "confidence": 0.8,[0m                                                                                                                                             [32m│[0m
[32m│[0m  [92m        "explanation": "High volume trading zones below 292.43 provide potential support, but vulnerability exists."[0m                                                   [32m│[0m
[32m│[0m  [92m      }[0m                                                                                                                                                                [32m│[0m
[32m│[0m  [92m    },[0m                                                                                                                                                                 [32m│[0m
[32m│[0m  [92m    "resistance": {[0m                                                                                                                                                    [32m│[0m
[32m│[0m  [92m      "primary_zone": {[0m                                                                                                                                                [32m│[0m
[32m│[0m  [92m        "zone_low": 294.5821,[0m                                                                                                                                          [32m│[0m
[32m│[0m  [92m        "zone_high": 297.0772,[0m                                                                                                                                         [32m│[0m
[32m│[0m  [92m        "confidence": 0.75,[0m                                                                                                                                            [32m│[0m
[32m│[0m  [92m        "explanation": "This area represents significant resistance, as previous price action has struggled to stay above this range."[0m                                 [32m│[0m
[32m│[0m  [92m      },[0m                                                                                                                                                               [32m│[0m
[32m│[0m  [92m      "secondary_zone": {[0m                                                                                                                                              [32m│[0m
[32m│[0m  [92m        "zone_low": 300.1471,[0m                                                                                                                                          [32m│[0m
[32m│[0m  [92m        "zone_high": 304.0049,[0m                                                                                                                                         [32m│[0m
[32m│[0m  [92m        "confidence": 0.85,[0m                                                                                                                                            [32m│[0m
[32m│[0m  [92m        "explanation": "Should the price rise, this zone would provide strong resistance levels indicative of previous rejections."[0m                                    [32m│[0m
[32m│[0m  [92m      }[0m                                                                                                                                                                [32m│[0m
[32m│[0m  [92m    }[0m                                                                                                                                                                  [32m│[0m
[32m│[0m  [92m  },[0m                                                                                                                                                                   [32m│[0m
[32m│[0m  [92m  "uncertainty_notes": [[0m                                                                                                                                               [32m│[0m
[32m│[0m  [92m    "The RSI at 24.92 suggests oversold conditions, yet the absence of bullish signals indicates no immediate reversal.",[0m                                              [32m│[0m
[32m│[0m  [92m    "The MACD remains negative, reflecting ongoing bearish momentum without reversal indicators.",[0m                                                                     [32m│[0m
[32m│[0m  [92m    "Volume trends indicate continued selling pressure as observed through spikes during declines, suggesting potential for further downswings."[0m                       [32m│[0m
[32m│[0m  [92m  ],[0m                                                                                                                                                                   [32m│[0m
[32m│[0m  [92m  "monitoring_checklist": [[0m                                                                                                                                            [32m│[0m
[32m│[0m  [92m    "Watch for price action near the primary support zone (280.07 - 283.25) for signs of a potential bounce or breakdown.",[0m                                            [32m│[0m
[32m│[0m  [92m    "Observe any attempts to breach the primary resistance zone (294.5821 - 297.0772) which could indicate a shift in short-term bullish sentiment.",[0m                  [32m│[0m
[32m│[0m  [92m    "Keep an eye on the RSI and MACD values; a move above the oversold RSI level or a positive MACD cross may signal a change in momentum."[0m                            [32m│[0m
[32m│[0m  [92m  ][0m                                                                                                                                                                    [32m│[0m
[32m│[0m  [92m}[0m                                                                                                                                                                      [32m│[0m
[32m│[0m  [92m```[0m                                                                                                                                                                    [32m│[0m
[32m│[0m                                                                                                                                                                         [32m│[0m
[32m╰─────────────────────────────────────────────────────────────────────────────────────────────────────────────────────────────────────────────────────────────────────────╯[0m

