[33m╭─[0m[33m────────────────────────────────────────────────────────────────────────────[0m[33m Task Started [0m[33m─────────────────────────────────────────────────────────────────────────────[0m[33m─╮[0m
[33m│[0m                                                                                                                                                                         [33m│[0m
[33m│[0m  [1;33m📋 Task: 20ca623e-19dd-47c9-8864-aa47912dfaf7[0m                                                                                                                          [33m│[0m
[33m│[0m  [37mStatus: [0m[2;33mExecuting Task...[0m                                                                                                                                              [33m│[0m
[33m│[0m                                                                                                                                                                         [33m│[0m
[33m╰─────────────────────────────────────────────────────────────────────────────────────────────────────────────────────────────────────────────────────────────────────────╯[0m


[35m╭─[0m[35m──────────────────────────────────────────────────────────────────────────[0m[35m 🤖 Agent Started [0m[35m───────────────────────────────────────────────────────────────────────────[0m[35m─╮[0m
[35m│[0m                                                                                                                                                                         [35m│[0m
[35m│[0m  [37mAgent: [0m[1;92mMarket Data Validation Specialist for KOTAKBANK.NS[0m                                                                                                              [35m│[0m
[35m│[0m                                                                                                                                                                         [35m│[0m
[35m│[0m  [37mTask: [0m[92mUse fetch_market_data_bundle_tool as the only tool. It returns a compact bundle_file plus row counts, validation, and actions metadata in one deterministic [0m     [35m│[0m
[35m│[0m  [92mpass. Use the bundle_file path as the handoff to downstream tasks instead of embedding the full OHLCV list in context. Do not perform analysis, do not ask coworkers,[0m  [35m│[0m
[35m│[0m  [92mand do not split the work into multiple tool calls.[0m                                                                                                                    [35m│[0m
[35m│[0m                                                                                                                                                                         [35m│[0m
[35m│[0m                                                                                                                                                                         [35m│[0m
[35m╰─────────────────────────────────────────────────────────────────────────────────────────────────────────────────────────────────────────────────────────────────────────╯[0m

[35m╭─[0m[35m───────────────────────────────────────────────────────────────────────[0m[35m 🔧 Agent Tool Execution [0m[35m───────────────────────────────────────────────────────────────────────[0m[35m─╮[0m
[35m│[0m                                                                                                                                                                         [35m│[0m
[35m│[0m  [37mAgent: [0m[1;92mMarket Data Validation Specialist for KOTAKBANK.NS[0m                                                                                                              [35m│[0m
[35m│[0m                                                                                                                                                                         [35m│[0m
[35m│[0m  [37mThought: [0m[92mAction: fetch_market_data_bundle_tool[0m                                                                                                                         [35m│[0m
[35m│[0m                                                                                                                                                                         [35m│[0m
[35m│[0m  [37mUsing Tool: [0m[1;92mfetch_market_data_bundle_tool[0m                                                                                                                              [35m│[0m
[35m│[0m                                                                                                                                                                         [35m│[0m
[35m╰─────────────────────────────────────────────────────────────────────────────────────────────────────────────────────────────────────────────────────────────────────────╯[0m
[34m╭─[0m[34m─────────────────────────────────────────────────────────────────────────────[0m[34m Tool Input [0m[34m──────────────────────────────────────────────────────────────────────────────[0m[34m─╮[0m
[34m│[0m                                                                                                                                                                         [34m│[0m
[34m│[0m  [38;2;230;219;116;49m"{\"ticker\": \"KOTAKBANK.NS\", \"daily_period\": \"1d\", \"weekly_period\": \"1w\", \"auto_adjust\": true}"[0m                                                           [34m│[0m
[34m│[0m                                                                                                                                                                         [34m│[0m
[34m╰─────────────────────────────────────────────────────────────────────────────────────────────────────────────────────────────────────────────────────────────────────────╯[0m
[32m╭─[0m[32m─────────────────────────────────────────────────────────────────────────────[0m[32m Tool Output [0m[32m─────────────────────────────────────────────────────────────────────────────[0m[32m─╮[0m
[32m│[0m                                                                                                                                                                         [32m│[0m
[32m│[0m  [92m{"success": true, "ticker": "KOTAKBANK.NS", "bundle_file": "C:\\Users\\ADARSH [0m                                                                                         [32m│[0m
[32m│[0m  [92mNAIK\\Desktop\\signal_sync\\src\\signal_sync\\ta\\cache\\KOTAKBANK.NS_bundle_20260604T162317Z.json", "daily_rows": 63, "weekly_rows": 53, "actions_count": 29, [0m        [32m│[0m
[32m│[0m  [92m"validation": {"success": true, "rows": 63, "dropped_rows": 0}}[0m                                                                                                        [32m│[0m
[32m│[0m                                                                                                                                                                         [32m│[0m
[32m╰─────────────────────────────────────────────────────────────────────────────────────────────────────────────────────────────────────────────────────────────────────────╯[0m

[32m╭─[0m[32m────────────────────────────────────────────────────────────────────────[0m[32m ✅ Agent Final Answer [0m[32m────────────────────────────────────────────────────────────────────────[0m[32m─╮[0m
[32m│[0m                                                                                                                                                                         [32m│[0m
[32m│[0m  [37mAgent: [0m[1;92mMarket Data Validation Specialist for KOTAKBANK.NS[0m                                                                                                              [32m│[0m
[32m│[0m                                                                                                                                                                         [32m│[0m
[32m│[0m  [37mFinal Answer:[0m                                                                                                                                                          [32m│[0m
[32m│[0m  [92m{"bundle_file":"C:\\Users\\ADARSH [0m                                                                                                                                     [32m│[0m
[32m│[0m  [92mNAIK\\Desktop\\signal_sync\\src\\signal_sync\\ta\\cache\\KOTAKBANK.NS_bundle_20260604T162317Z.json","daily_rows":63,"weekly_rows":53,"actions_count":29,"validation":[0m  [32m│[0m
[32m│[0m  [92m{"success":true,"rows":63,"dropped_rows":0}}[0m                                                                                                                           [32m│[0m
[32m│[0m                                                                                                                                                                         [32m│[0m
[32m╰─────────────────────────────────────────────────────────────────────────────────────────────────────────────────────────────────────────────────────────────────────────╯[0m

[33m╭─[0m[33m────────────────────────────────────────────────────────────────────────────[0m[33m Task Started [0m[33m─────────────────────────────────────────────────────────────────────────────[0m[33m─╮[0m
[33m│[0m                                                                                                                                                                         [33m│[0m
[33m│[0m  [1;33m📋 Task: 36645884-8cfa-4e9e-bf3f-682e15871fb8[0m                                                                                                                          [33m│[0m
[33m│[0m  [37mStatus: [0m[2;33mExecuting Task...[0m                                                                                                                                              [33m│[0m
[33m│[0m                                                                                                                                                                         [33m│[0m
[33m╰─────────────────────────────────────────────────────────────────────────────────────────────────────────────────────────────────────────────────────────────────────────╯[0m


[35m╭─[0m[35m──────────────────────────────────────────────────────────────────────────[0m[35m 🤖 Agent Started [0m[35m───────────────────────────────────────────────────────────────────────────[0m[35m─╮[0m
[35m│[0m                                                                                                                                                                         [35m│[0m
[35m│[0m  [37mAgent: [0m[1;92mTechnical Indicator Computation Specialist[0m                                                                                                                      [35m│[0m
[35m│[0m                                                                                                                                                                         [35m│[0m
[35m│[0m  [37mTask: [0m[92mUse indicator_rule_engine_tool as the only tool. It computes SMA, EMA20/50/100/200, RSI, MACD, ATR, Bollinger Bands, and OBV in one deterministic pass. Pass [0m    [35m│[0m
[35m│[0m  [92mthe bundle_file path from market_data_task directly into the tool.[0m                                                                                                     [35m│[0m
[35m│[0m                                                                                                                                                                         [35m│[0m
[35m│[0m                                                                                                                                                                         [35m│[0m
[35m╰─────────────────────────────────────────────────────────────────────────────────────────────────────────────────────────────────────────────────────────────────────────╯[0m

[35m╭─[0m[35m───────────────────────────────────────────────────────────────────────[0m[35m 🔧 Agent Tool Execution [0m[35m───────────────────────────────────────────────────────────────────────[0m[35m─╮[0m
[35m│[0m                                                                                                                                                                         [35m│[0m
[35m│[0m  [37mAgent: [0m[1;92mTechnical Indicator Computation Specialist[0m                                                                                                                      [35m│[0m
[35m│[0m                                                                                                                                                                         [35m│[0m
[35m│[0m  [37mThought: [0m[92mI need to compute the technical indicators using the provided bundle_file path. I'll do this using the indicator_rule_engine_tool.[0m                            [35m│[0m
[35m│[0m                                                                                                                                                                         [35m│[0m
[35m│[0m  [37mUsing Tool: [0m[1;92mindicator_rule_engine_tool[0m                                                                                                                                 [35m│[0m
[35m│[0m                                                                                                                                                                         [35m│[0m
[35m╰─────────────────────────────────────────────────────────────────────────────────────────────────────────────────────────────────────────────────────────────────────────╯[0m
[34m╭─[0m[34m─────────────────────────────────────────────────────────────────────────────[0m[34m Tool Input [0m[34m──────────────────────────────────────────────────────────────────────────────[0m[34m─╮[0m
[34m│[0m                                                                                                                                                                         [34m│[0m
[34m│[0m  [38;2;230;219;116;49m"{\"ohlcv_json\": \"C:\\\\Users\\\\ADARSH NAIK\\\\Desktop\\\\signal_sync\\\\src\\\\signal_sync\\\\ta\\\\cache\\\\KOTAKBANK.NS_bundle_20260604T162317Z.json\"}"[0m         [34m│[0m
[34m│[0m                                                                                                                                                                         [34m│[0m
[34m╰─────────────────────────────────────────────────────────────────────────────────────────────────────────────────────────────────────────────────────────────────────────╯[0m
[32m╭─[0m[32m─────────────────────────────────────────────────────────────────────────────[0m[32m Tool Output [0m[32m─────────────────────────────────────────────────────────────────────────────[0m[32m─╮[0m
[32m│[0m                                                                                                                                                                         [32m│[0m
[32m│[0m  [92m{"success": true, "trend": {"sma": {"sma20": 383.4875, "sma50": 376.936, "sma100": null, "sma200": null}, "ema": {"ema20": 382.4874, "ema50": 382.0836, "ema100": [0m     [32m│[0m
[32m│[0m  [92m385.935, "ema200": 391.7267}}, "momentum": {"rsi14": 44.4333, "macd": 0.7712, "macd_signal": 1.6309, "macd_histogram": -0.8597}, "volatility": {"atr14": 8.2286, [0m      [32m│[0m
[32m│[0m  [92m"bb_basis20": 383.4875, "bb_upper20": 393.0137, "bb_lower20": 373.9613}, "volume": {"obv": 109622773.0}}[0m                                                               [32m│[0m
[32m│[0m                                                                                                                                                                         [32m│[0m
[32m╰─────────────────────────────────────────────────────────────────────────────────────────────────────────────────────────────────────────────────────────────────────────╯[0m

[32m╭─[0m[32m────────────────────────────────────────────────────────────────────────[0m[32m ✅ Agent Final Answer [0m[32m────────────────────────────────────────────────────────────────────────[0m[32m─╮[0m
[32m│[0m                                                                                                                                                                         [32m│[0m
[32m│[0m  [37mAgent: [0m[1;92mTechnical Indicator Computation Specialist[0m                                                                                                                      [32m│[0m
[32m│[0m                                                                                                                                                                         [32m│[0m
[32m│[0m  [37mFinal Answer:[0m                                                                                                                                                          [32m│[0m
[32m│[0m  [92m{[0m                                                                                                                                                                      [32m│[0m
[32m│[0m  [92m  "trend": {[0m                                                                                                                                                           [32m│[0m
[32m│[0m  [92m    "sma": {[0m                                                                                                                                                           [32m│[0m
[32m│[0m  [92m      "sma20": 383.4875,[0m                                                                                                                                               [32m│[0m
[32m│[0m  [92m      "sma50": 376.936,[0m                                                                                                                                                [32m│[0m
[32m│[0m  [92m      "sma100": null,[0m                                                                                                                                                  [32m│[0m
[32m│[0m  [92m      "sma200": null[0m                                                                                                                                                   [32m│[0m
[32m│[0m  [92m    },[0m                                                                                                                                                                 [32m│[0m
[32m│[0m  [92m    "ema": {[0m                                                                                                                                                           [32m│[0m
[32m│[0m  [92m      "ema20": 382.4874,[0m                                                                                                                                               [32m│[0m
[32m│[0m  [92m      "ema50": 382.0836,[0m                                                                                                                                               [32m│[0m
[32m│[0m  [92m      "ema100": 385.935,[0m                                                                                                                                               [32m│[0m
[32m│[0m  [92m      "ema200": 391.7267[0m                                                                                                                                               [32m│[0m
[32m│[0m  [92m    }[0m                                                                                                                                                                  [32m│[0m
[32m│[0m  [92m  },[0m                                                                                                                                                                   [32m│[0m
[32m│[0m  [92m  "momentum": {[0m                                                                                                                                                        [32m│[0m
[32m│[0m  [92m    "rsi14": 44.4333,[0m                                                                                                                                                  [32m│[0m
[32m│[0m  [92m    "macd": 0.7712,[0m                                                                                                                                                    [32m│[0m
[32m│[0m  [92m    "macd_signal": 1.6309,[0m                                                                                                                                             [32m│[0m
[32m│[0m  [92m    "macd_histogram": -0.8597[0m                                                                                                                                          [32m│[0m
[32m│[0m  [92m  },[0m                                                                                                                                                                   [32m│[0m
[32m│[0m  [92m  "volatility": {[0m                                                                                                                                                      [32m│[0m
[32m│[0m  [92m    "atr14": 8.2286,[0m                                                                                                                                                   [32m│[0m
[32m│[0m  [92m    "bb_basis20": 383.4875,[0m                                                                                                                                            [32m│[0m
[32m│[0m  [92m    "bb_upper20": 393.0137,[0m                                                                                                                                            [32m│[0m
[32m│[0m  [92m    "bb_lower20": 373.9613[0m                                                                                                                                             [32m│[0m
[32m│[0m  [92m  },[0m                                                                                                                                                                   [32m│[0m
[32m│[0m  [92m  "volume": {[0m                                                                                                                                                          [32m│[0m
[32m│[0m  [92m    "obv": 109622773.0[0m                                                                                                                                                 [32m│[0m
[32m│[0m  [92m  }[0m                                                                                                                                                                    [32m│[0m
[32m│[0m  [92m}[0m                                                                                                                                                                      [32m│[0m
[32m│[0m                                                                                                                                                                         [32m│[0m
[32m╰─────────────────────────────────────────────────────────────────────────────────────────────────────────────────────────────────────────────────────────────────────────╯[0m

[33m╭─[0m[33m────────────────────────────────────────────────────────────────────────────[0m[33m Task Started [0m[33m─────────────────────────────────────────────────────────────────────────────[0m[33m─╮[0m
[33m│[0m                                                                                                                                                                         [33m│[0m
[33m│[0m  [1;33m📋 Task: 8de25d1a-0ca0-4e58-b23e-0227226fd0c3[0m                                                                                                                          [33m│[0m
[33m│[0m  [37mStatus: [0m[2;33mExecuting Task...[0m                                                                                                                                              [33m│[0m
[33m│[0m                                                                                                                                                                         [33m│[0m
[33m╰─────────────────────────────────────────────────────────────────────────────────────────────────────────────────────────────────────────────────────────────────────────╯[0m


[35m╭─[0m[35m──────────────────────────────────────────────────────────────────────────[0m[35m 🤖 Agent Started [0m[35m───────────────────────────────────────────────────────────────────────────[0m[35m─╮[0m
[35m│[0m                                                                                                                                                                         [35m│[0m
[35m│[0m  [37mAgent: [0m[1;92mDeterministic Pattern Detection Specialist[0m                                                                                                                      [35m│[0m
[35m│[0m                                                                                                                                                                         [35m│[0m
[35m│[0m  [37mTask: [0m[92mDetect deterministic candlestick and chart patterns from cleaned OHLCV, then render chart and perform advisory-only vision review. Pass the bundle_file path [0m    [35m│[0m
[35m│[0m  [92mfrom market_data_task directly into the tools.[0m                                                                                                                         [35m│[0m
[35m│[0m                                                                                                                                                                         [35m│[0m
[35m│[0m                                                                                                                                                                         [35m│[0m
[35m╰─────────────────────────────────────────────────────────────────────────────────────────────────────────────────────────────────────────────────────────────────────────╯[0m

[35m╭─[0m[35m───────────────────────────────────────────────────────────────────────[0m[35m 🔧 Agent Tool Execution [0m[35m───────────────────────────────────────────────────────────────────────[0m[35m─╮[0m
[35m│[0m                                                                                                                                                                         [35m│[0m
[35m│[0m  [37mAgent: [0m[1;92mDeterministic Pattern Detection Specialist[0m                                                                                                                      [35m│[0m
[35m│[0m                                                                                                                                                                         [35m│[0m
[35m│[0m  [37mThought: [0m[92mThought: I need to first detect the candlestick patterns using the provided OHLCV file path.[0m                                                                  [35m│[0m
[35m│[0m                                                                                                                                                                         [35m│[0m
[35m│[0m  [37mUsing Tool: [0m[1;92mdetect_candlestick_patterns_tool[0m                                                                                                                           [35m│[0m
[35m│[0m                                                                                                                                                                         [35m│[0m
[35m╰─────────────────────────────────────────────────────────────────────────────────────────────────────────────────────────────────────────────────────────────────────────╯[0m
[34m╭─[0m[34m─────────────────────────────────────────────────────────────────────────────[0m[34m Tool Input [0m[34m──────────────────────────────────────────────────────────────────────────────[0m[34m─╮[0m
[34m│[0m                                                                                                                                                                         [34m│[0m
[34m│[0m  [38;2;230;219;116;49m"{\"ohlcv_json\": \"C:\\\\Users\\\\ADARSH NAIK\\\\Desktop\\\\signal_sync\\\\src\\\\signal_sync\\\\ta\\\\cache\\\\KOTAKBANK.NS_bundle_20260604T162317Z.json\"}"[0m         [34m│[0m
[34m│[0m                                                                                                                                                                         [34m│[0m
[34m╰─────────────────────────────────────────────────────────────────────────────────────────────────────────────────────────────────────────────────────────────────────────╯[0m
[32m╭─[0m[32m─────────────────────────────────────────────────────────────────────────────[0m[32m Tool Output [0m[32m─────────────────────────────────────────────────────────────────────────────[0m[32m─╮[0m
[32m│[0m                                                                                                                                                                         [32m│[0m
[32m│[0m  [92m{"success": true, "candlestick_patterns": []}[0m                                                                                                                          [32m│[0m
[32m│[0m                                                                                                                                                                         [32m│[0m
[32m╰─────────────────────────────────────────────────────────────────────────────────────────────────────────────────────────────────────────────────────────────────────────╯[0m

[35m╭─[0m[35m───────────────────────────────────────────────────────────────────────[0m[35m 🔧 Agent Tool Execution [0m[35m───────────────────────────────────────────────────────────────────────[0m[35m─╮[0m
[35m│[0m                                                                                                                                                                         [35m│[0m
[35m│[0m  [37mAgent: [0m[1;92mDeterministic Pattern Detection Specialist[0m                                                                                                                      [35m│[0m
[35m│[0m                                                                                                                                                                         [35m│[0m
[35m│[0m  [37mThought: [0m[92mThought: Now I will detect the chart patterns using the same OHLCV file path.[0m                                                                                 [35m│[0m
[35m│[0m                                                                                                                                                                         [35m│[0m
[35m│[0m  [37mUsing Tool: [0m[1;92mdetect_chart_patterns_tool[0m                                                                                                                                 [35m│[0m
[35m│[0m                                                                                                                                                                         [35m│[0m
[35m╰─────────────────────────────────────────────────────────────────────────────────────────────────────────────────────────────────────────────────────────────────────────╯[0m
[34m╭─[0m[34m─────────────────────────────────────────────────────────────────────────────[0m[34m Tool Input [0m[34m──────────────────────────────────────────────────────────────────────────────[0m[34m─╮[0m
[34m│[0m                                                                                                                                                                         [34m│[0m
[34m│[0m  [38;2;230;219;116;49m"{\"ohlcv_json\": \"C:\\\\Users\\\\ADARSH NAIK\\\\Desktop\\\\signal_sync\\\\src\\\\signal_sync\\\\ta\\\\cache\\\\KOTAKBANK.NS_bundle_20260604T162317Z.json\"}"[0m         [34m│[0m
[34m│[0m                                                                                                                                                                         [34m│[0m
[34m╰─────────────────────────────────────────────────────────────────────────────────────────────────────────────────────────────────────────────────────────────────────────╯[0m
[32m╭─[0m[32m─────────────────────────────────────────────────────────────────────────────[0m[32m Tool Output [0m[32m─────────────────────────────────────────────────────────────────────────────[0m[32m─╮[0m
[32m│[0m                                                                                                                                                                         [32m│[0m
[32m│[0m  [92m{"success": true, "chart_patterns": ["channel"]}[0m                                                                                                                       [32m│[0m
[32m│[0m                                                                                                                                                                         [32m│[0m
[32m╰─────────────────────────────────────────────────────────────────────────────────────────────────────────────────────────────────────────────────────────────────────────╯[0m

[35m╭─[0m[35m───────────────────────────────────────────────────────────────────────[0m[35m 🔧 Agent Tool Execution [0m[35m───────────────────────────────────────────────────────────────────────[0m[35m─╮[0m
[35m│[0m                                                                                                                                                                         [35m│[0m
[35m│[0m  [37mAgent: [0m[1;92mDeterministic Pattern Detection Specialist[0m                                                                                                                      [35m│[0m
[35m│[0m                                                                                                                                                                         [35m│[0m
[35m│[0m  [37mThought: [0m[92mThought: Next, I will render the chart using the provided OHLCV file path.[0m                                                                                    [35m│[0m
[35m│[0m                                                                                                                                                                         [35m│[0m
[35m│[0m  [37mUsing Tool: [0m[1;92mrender_chart_tool[0m                                                                                                                                          [35m│[0m
[35m│[0m                                                                                                                                                                         [35m│[0m
[35m╰─────────────────────────────────────────────────────────────────────────────────────────────────────────────────────────────────────────────────────────────────────────╯[0m
[34m╭─[0m[34m─────────────────────────────────────────────────────────────────────────────[0m[34m Tool Input [0m[34m──────────────────────────────────────────────────────────────────────────────[0m[34m─╮[0m
[34m│[0m                                                                                                                                                                         [34m│[0m
[34m│[0m  [38;2;230;219;116;49m"{\"ohlcv_json\": \"C:\\\\Users\\\\ADARSH NAIK\\\\Desktop\\\\signal_sync\\\\src\\\\signal_sync\\\\ta\\\\cache\\\\KOTAKBANK.NS_bundle_20260604T162317Z.json\", \"ticke[0m  [34m│[0m
[34m│[0m                                                                                                                                                                         [34m│[0m
[34m╰─────────────────────────────────────────────────────────────────────────────────────────────────────────────────────────────────────────────────────────────────────────╯[0m
[32m╭─[0m[32m─────────────────────────────────────────────────────────────────────────────[0m[32m Tool Output [0m[32m─────────────────────────────────────────────────────────────────────────────[0m[32m─╮[0m
[32m│[0m                                                                                                                                                                         [32m│[0m
[32m│[0m  [92m{'success': True, 'chart_path': 'C:\\Users\\ADARSH NAIK\\Desktop\\signal_sync\\src\\signal_sync\\ta\\charts\\KOTAKBANK.NS_20260604T162342Z.png', 'rows_rendered': 63,[0m  [32m│[0m
[32m│[0m  [92m'source_key': 'daily_ohlcv'}[0m                                                                                                                                           [32m│[0m
[32m│[0m                                                                                                                                                                         [32m│[0m
[32m│[0m                                                                                                                                                                         [32m│[0m
[32m│[0m  [92mYou ONLY have access to the following tools, and should NEVER make up tools that are not listed here:[0m                                                                  [32m│[0m
[32m│[0m                                                                                                                                                                         [32m│[0m
[32m│[0m  [92mTool Name: detect_candlestick_patterns_tool[0m                                                                                                                            [32m│[0m
[32m│[0m  [92mTool Arguments: {'ohlcv_json': {'description': 'JSON string or file path containing OHLCV list/object. Supports keys: ohlcv, daily_ohlcv, weekly_ohlcv.', 'type': [0m     [32m│[0m
[32m│[0m  [92m'str'}}[0m                                                                                                                                                                [32m│[0m
[32m│[0m  [92mTool Description: Detect deterministic candlestick patterns: doji, hammer, engulfing, shooting star.[0m                                                                   [32m│[0m
[32m│[0m  [92mTool Name: detect_chart_patterns_tool[0m                                                                                                                                  [32m│[0m
[32m│[0m  [92mTool Arguments: {'ohlcv_json': {'description': 'JSON string or file path containing OHLCV list/object. Supports keys: ohlcv, daily_ohlcv, weekly_ohlcv.', 'type': [0m     [32m│[0m
[32m│[0m  [92m'str'}}[0m                                                                                                                                                                [32m│[0m
[32m│[0m  [92mTool Description: Detect deterministic chart structures using local extrema: double top, double bottom, channel proxy.[0m                                                 [32m│[0m
[32m│[0m  [92mTool Name: render_chart_tool[0m                                                                                                                                           [32m│[0m
[32m│[0m  [92mTool Arguments: {'ohlcv_json': {'description': 'JSON string or file path containing OHLCV list/object. Supports bundle keys: ohlcv, daily_ohlcv, weekly_ohlcv.', [0m      [32m│[0m
[32m│[0m  [92m'type': 'str'}, 'ticker': {'description': 'Ticker symbol for chart title and filename.', 'type': 'str'}, 'include_rsi': {'description': 'Render optional RSI panel.',[0m  [32m│[0m
[32m│[0m  [92m'type': 'bool'}}[0m                                                                                                                                                       [32m│[0m
[32m│[0m  [92mTool Description: Render internal TA chart PNG (price-volume + EMA overlays, optional RSI).[0m                                                                            [32m│[0m
[32m│[0m  [92mTool Name: vision_review_tool[0m                                                                                                                                          [32m│[0m
[32m│[0m  [92mTool Arguments: {'chart_path': {'description': 'Absolute path to generated chart image file.', 'type': 'str'}, 'model': {'description': 'Vision-capable model name.',[0m  [32m│[0m
[32m│[0m  [92m'type': 'str'}}[0m                                                                                                                                                        [32m│[0m
[32m│[0m  [92mTool Description: Advisory visual review of generated chart. Deterministic tools remain source-of-truth.[0m                                                               [32m│[0m
[32m│[0m                                                                                                                                                                         [32m│[0m
[32m│[0m  [92mIMPORTANT: Use the following format in your response:[0m                                                                                                                  [32m│[0m
[32m│[0m                                                                                                                                                                         [32m│[0m
[32m│[0m  [92m```[0m                                                                                                                                                                    [32m│[0m
[32m│[0m  [92mThought: you should always think about what to do[0m                                                                                                                      [32m│[0m
[32m│[0m  [92mAction: the action to take, only one name of [detect_candlestick_patterns_tool, detect_chart_patterns_tool, render_chart_tool, vision_review_tool], just the name, [0m    [32m│[0m
[32m│[0m  [92m...[0m                                                                                                                                                                    [32m│[0m
[32m│[0m                                                                                                                                                                         [32m│[0m
[32m╰─────────────────────────────────────────────────────────────────────────────────────────────────────────────────────────────────────────────────────────────────────────╯[0m

[35m╭─[0m[35m───────────────────────────────────────────────────────────────────────[0m[35m 🔧 Agent Tool Execution [0m[35m───────────────────────────────────────────────────────────────────────[0m[35m─╮[0m
[35m│[0m                                                                                                                                                                         [35m│[0m
[35m│[0m  [37mAgent: [0m[1;92mDeterministic Pattern Detection Specialist[0m                                                                                                                      [35m│[0m
[35m│[0m                                                                                                                                                                         [35m│[0m
[35m│[0m  [37mThought: [0m[92mThought: I will now perform an advisory visual review of the rendered chart using the chart path obtained from the previous step.[0m                             [35m│[0m
[35m│[0m                                                                                                                                                                         [35m│[0m
[35m│[0m  [37mUsing Tool: [0m[1;92mvision_review_tool[0m                                                                                                                                         [35m│[0m
[35m│[0m                                                                                                                                                                         [35m│[0m
[35m╰─────────────────────────────────────────────────────────────────────────────────────────────────────────────────────────────────────────────────────────────────────────╯[0m
[34m╭─[0m[34m─────────────────────────────────────────────────────────────────────────────[0m[34m Tool Input [0m[34m──────────────────────────────────────────────────────────────────────────────[0m[34m─╮[0m
[34m│[0m                                                                                                                                                                         [34m│[0m
[34m│[0m  [38;2;230;219;116;49m"{\"chart_path\": \"C:\\\\Users\\\\ADARSH NAIK\\\\Desktop\\\\signal_sync\\\\src\\\\signal_sync\\\\ta\\\\charts\\\\KOTAKBANK.NS_20260604T162342Z.png\", \"model\": \"d[0m  [34m│[0m
[34m│[0m                                                                                                                                                                         [34m│[0m
[34m╰─────────────────────────────────────────────────────────────────────────────────────────────────────────────────────────────────────────────────────────────────────────╯[0m
[32m╭─[0m[32m─────────────────────────────────────────────────────────────────────────────[0m[32m Tool Output [0m[32m─────────────────────────────────────────────────────────────────────────────[0m[32m─╮[0m
[32m│[0m                                                                                                                                                                         [32m│[0m
[32m│[0m  [92m{'success': True, 'visual_summary': 'The chart shows an initial downtrend followed by a recovery phase where the price consolidates between the 20-day EMA (blue) and[0m  [32m│[0m
[32m│[0m  [92m50-day EMA (orange). The 20-day EMA has crossed above the 50-day EMA recently, indicating a potential bullish crossover. The price remains below the 200-day EMA [0m      [32m│[0m
[32m│[0m  [92m(green), which is acting as resistance. Volume spikes are observed intermittently but no strong breakout volume is evident. Overall, the price appears to be in a [0m     [32m│[0m
[32m│[0m  [92mconsolidation phase with a slight bullish bias, awaiting a breakout above the 200-day EMA for confirmation of a stronger uptrend.', 'confidence': 0.85, [0m               [32m│[0m
[32m│[0m  [92m'advisory_only': True, 'image_analysis_status': 'completed', 'chart_path': 'C:\\Users\\ADARSH [0m                                                                         [32m│[0m
[32m│[0m  [92mNAIK\\Desktop\\signal_sync\\src\\signal_sync\\ta\\charts\\KOTAKBANK.NS_20260604T162342Z.png', 'model': 'gpt-4.1-mini', 'image_size': {'width': 1820, 'height': 1040},[0m  [32m│[0m
[32m│[0m  [92m'reviewed_image_size': {'width': 1200, 'height': 686}}[0m                                                                                                                 [32m│[0m
[32m│[0m                                                                                                                                                                         [32m│[0m
[32m╰─────────────────────────────────────────────────────────────────────────────────────────────────────────────────────────────────────────────────────────────────────────╯[0m

[32m╭─[0m[32m────────────────────────────────────────────────────────────────────────[0m[32m ✅ Agent Final Answer [0m[32m────────────────────────────────────────────────────────────────────────[0m[32m─╮[0m
[32m│[0m                                                                                                                                                                         [32m│[0m
[32m│[0m  [37mAgent: [0m[1;92mDeterministic Pattern Detection Specialist[0m                                                                                                                      [32m│[0m
[32m│[0m                                                                                                                                                                         [32m│[0m
[32m│[0m  [37mFinal Answer:[0m                                                                                                                                                          [32m│[0m
[32m│[0m  [92m{[0m                                                                                                                                                                      [32m│[0m
[32m│[0m  [92m  "candlestick_patterns": [],[0m                                                                                                                                          [32m│[0m
[32m│[0m  [92m  "chart_patterns": ["channel"],[0m                                                                                                                                       [32m│[0m
[32m│[0m  [92m  "chart_path": "C:\\Users\\ADARSH NAIK\\Desktop\\signal_sync\\src\\signal_sync\\ta\\charts\\KOTAKBANK.NS_20260604T162342Z.png",[0m                                       [32m│[0m
[32m│[0m  [92m  "visual_review": {[0m                                                                                                                                                   [32m│[0m
[32m│[0m  [92m    "visual_summary": "The chart shows an initial downtrend followed by a recovery phase where the price consolidates between the 20-day EMA (blue) and 50-day EMA [0m    [32m│[0m
[32m│[0m  [92m(orange). The 20-day EMA has crossed above the 50-day EMA recently, indicating a potential bullish crossover. The price remains below the 200-day EMA (green), which [0m  [32m│[0m
[32m│[0m  [92mis acting as resistance. Volume spikes are observed intermittently but no strong breakout volume is evident. Overall, the price appears to be in a consolidation [0m      [32m│[0m
[32m│[0m  [92mphase with a slight bullish bias, awaiting a breakout above the 200-day EMA for confirmation of a stronger uptrend.",[0m                                                  [32m│[0m
[32m│[0m  [92m    "confidence": 0.85,[0m                                                                                                                                                [32m│[0m
[32m│[0m  [92m    "advisory_only": true,[0m                                                                                                                                             [32m│[0m
[32m│[0m  [92m    "image_analysis_status": "completed",[0m                                                                                                                              [32m│[0m
[32m│[0m  [92m    "model": "gpt-4.1-mini",[0m                                                                                                                                           [32m│[0m
[32m│[0m  [92m    "image_size": {[0m                                                                                                                                                    [32m│[0m
[32m│[0m  [92m      "width": 1820,[0m                                                                                                                                                   [32m│[0m
[32m│[0m  [92m      "height": 1040[0m                                                                                                                                                   [32m│[0m
[32m│[0m  [92m    },[0m                                                                                                                                                                 [32m│[0m
[32m│[0m  [92m    "reviewed_image_size": {[0m                                                                                                                                           [32m│[0m
[32m│[0m  [92m      "width": 1200,[0m                                                                                                                                                   [32m│[0m
[32m│[0m  [92m      "height": 686[0m                                                                                                                                                    [32m│[0m
[32m│[0m  [92m    }[0m                                                                                                                                                                  [32m│[0m
[32m│[0m  [92m  }[0m                                                                                                                                                                    [32m│[0m
[32m│[0m  [92m}[0m                                                                                                                                                                      [32m│[0m
[32m│[0m                                                                                                                                                                         [32m│[0m
[32m╰─────────────────────────────────────────────────────────────────────────────────────────────────────────────────────────────────────────────────────────────────────────╯[0m

[33m╭─[0m[33m────────────────────────────────────────────────────────────────────────────[0m[33m Task Started [0m[33m─────────────────────────────────────────────────────────────────────────────[0m[33m─╮[0m
[33m│[0m                                                                                                                                                                         [33m│[0m
[33m│[0m  [1;33m📋 Task: 93cb959e-90fc-4114-b993-aebf98b07ec2[0m                                                                                                                          [33m│[0m
[33m│[0m  [37mStatus: [0m[2;33mExecuting Task...[0m                                                                                                                                              [33m│[0m
[33m│[0m                                                                                                                                                                         [33m│[0m
[33m╰─────────────────────────────────────────────────────────────────────────────────────────────────────────────────────────────────────────────────────────────────────────╯[0m


[35m╭─[0m[35m──────────────────────────────────────────────────────────────────────────[0m[35m 🤖 Agent Started [0m[35m───────────────────────────────────────────────────────────────────────────[0m[35m─╮[0m
[35m│[0m                                                                                                                                                                         [35m│[0m
[35m│[0m  [37mAgent: [0m[1;92mSupport and Resistance Structure Specialist[0m                                                                                                                     [35m│[0m
[35m│[0m                                                                                                                                                                         [35m│[0m
[35m│[0m  [37mTask: [0m[92mBuild support and resistance zones by combining swings, clustered levels, volume zones, and dynamic EMA levels with weighted confidence. Pass the bundle_file [0m   [35m│[0m
[35m│[0m  [92mpath from market_data_task directly into the tools.[0m                                                                                                                    [35m│[0m
[35m│[0m                                                                                                                                                                         [35m│[0m
[35m│[0m                                                                                                                                                                         [35m│[0m
[35m╰─────────────────────────────────────────────────────────────────────────────────────────────────────────────────────────────────────────────────────────────────────────╯[0m

[35m╭─[0m[35m───────────────────────────────────────────────────────────────────────[0m[35m 🔧 Agent Tool Execution [0m[35m───────────────────────────────────────────────────────────────────────[0m[35m─╮[0m
[35m│[0m                                                                                                                                                                         [35m│[0m
[35m│[0m  [37mAgent: [0m[1;92mSupport and Resistance Structure Specialist[0m                                                                                                                     [35m│[0m
[35m│[0m                                                                                                                                                                         [35m│[0m
[35m│[0m  [37mThought: [0m[92mI need to extract swing highs and lows from the provided bundle file to identify potential support and resistance levels.[0m                                     [35m│[0m
[35m│[0m                                                                                                                                                                         [35m│[0m
[35m│[0m  [37mUsing Tool: [0m[1;92mfind_swings_tool[0m                                                                                                                                           [35m│[0m
[35m│[0m                                                                                                                                                                         [35m│[0m
[35m╰─────────────────────────────────────────────────────────────────────────────────────────────────────────────────────────────────────────────────────────────────────────╯[0m
[34m╭─[0m[34m─────────────────────────────────────────────────────────────────────────────[0m[34m Tool Input [0m[34m──────────────────────────────────────────────────────────────────────────────[0m[34m─╮[0m
[34m│[0m                                                                                                                                                                         [34m│[0m
[34m│[0m  [38;2;230;219;116;49m"{\"ohlcv_json\": \"C:\\\\Users\\\\ADARSH NAIK\\\\Desktop\\\\signal_sync\\\\src\\\\signal_sync\\\\ta\\\\cache\\\\KOTAKBANK.NS_bundle_20260604T162317Z.json\"}"[0m         [34m│[0m
[34m│[0m                                                                                                                                                                         [34m│[0m
[34m╰─────────────────────────────────────────────────────────────────────────────────────────────────────────────────────────────────────────────────────────────────────────╯[0m
[32m╭─[0m[32m─────────────────────────────────────────────────────────────────────────────[0m[32m Tool Output [0m[32m─────────────────────────────────────────────────────────────────────────────[0m[32m─╮[0m
[32m│[0m                                                                                                                                                                         [32m│[0m
[32m│[0m  [92m{'success': True, 'swing_highs': [407.3, 375.4, 371.1, 380.15, 383.6, 383.3, 381.05, 391.8, 392.85], 'swing_lows': [366.85, 353.4, 371.9, 370.4, 371.35, 376.0, [0m       [32m│[0m
[32m│[0m  [92m380.85, 377.4]}[0m                                                                                                                                                        [32m│[0m
[32m│[0m                                                                                                                                                                         [32m│[0m
[32m╰─────────────────────────────────────────────────────────────────────────────────────────────────────────────────────────────────────────────────────────────────────────╯[0m

[35m╭─[0m[35m───────────────────────────────────────────────────────────────────────[0m[35m 🔧 Agent Tool Execution [0m[35m───────────────────────────────────────────────────────────────────────[0m[35m─╮[0m
[35m│[0m                                                                                                                                                                         [35m│[0m
[35m│[0m  [37mAgent: [0m[1;92mSupport and Resistance Structure Specialist[0m                                                                                                                     [35m│[0m
[35m│[0m                                                                                                                                                                         [35m│[0m
[35m│[0m  [37mThought: [0m[92mThought: I have successfully identified swing highs and lows. Now I will cluster these levels to form support and resistance zones.[0m                           [35m│[0m
[35m│[0m                                                                                                                                                                         [35m│[0m
[35m│[0m  [37mUsing Tool: [0m[1;92mcluster_levels_tool[0m                                                                                                                                        [35m│[0m
[35m│[0m                                                                                                                                                                         [35m│[0m
[35m╰─────────────────────────────────────────────────────────────────────────────────────────────────────────────────────────────────────────────────────────────────────────╯[0m
[34m╭─[0m[34m─────────────────────────────────────────────────────────────────────────────[0m[34m Tool Input [0m[34m──────────────────────────────────────────────────────────────────────────────[0m[34m─╮[0m
[34m│[0m                                                                                                                                                                         [34m│[0m
[34m│[0m  [38;2;230;219;116;49m"{\"levels_json\": \"{\\\"swing_highs\\\":[407.3, 375.4, 371.1, 380.15, 383.6, 383.3, 381.05, 391.8, 392.85], \\\"swing_lows\\\":[366.85, 353.4, 371.9, 370.4, 371.35[0m  [34m│[0m
[34m│[0m                                                                                                                                                                         [34m│[0m
[34m╰─────────────────────────────────────────────────────────────────────────────────────────────────────────────────────────────────────────────────────────────────────────╯[0m
[32m╭─[0m[32m─────────────────────────────────────────────────────────────────────────────[0m[32m Tool Output [0m[32m─────────────────────────────────────────────────────────────────────────────[0m[32m─╮[0m
[32m│[0m                                                                                                                                                                         [32m│[0m
[32m│[0m  [92m{'success': True, 'clusters': [385.1722]}[0m                                                                                                                              [32m│[0m
[32m│[0m                                                                                                                                                                         [32m│[0m
[32m╰─────────────────────────────────────────────────────────────────────────────────────────────────────────────────────────────────────────────────────────────────────────╯[0m

[35m╭─[0m[35m───────────────────────────────────────────────────────────────────────[0m[35m 🔧 Agent Tool Execution [0m[35m───────────────────────────────────────────────────────────────────────[0m[35m─╮[0m
[35m│[0m                                                                                                                                                                         [35m│[0m
[35m│[0m  [37mAgent: [0m[1;92mSupport and Resistance Structure Specialist[0m                                                                                                                     [35m│[0m
[35m│[0m                                                                                                                                                                         [35m│[0m
[35m│[0m  [37mThought: [0m[92mThought: I have clustered the swing levels and established a support and resistance zone. Now I will identify high-participation price zones using volume [0m    [35m│[0m
[35m│[0m  [92mconcentration from the same bundle file.[0m                                                                                                                               [35m│[0m
[35m│[0m                                                                                                                                                                         [35m│[0m
[35m│[0m  [37mUsing Tool: [0m[1;92mvolume_zone_tool[0m                                                                                                                                           [35m│[0m
[35m│[0m                                                                                                                                                                         [35m│[0m
[35m╰─────────────────────────────────────────────────────────────────────────────────────────────────────────────────────────────────────────────────────────────────────────╯[0m
[34m╭─[0m[34m─────────────────────────────────────────────────────────────────────────────[0m[34m Tool Input [0m[34m──────────────────────────────────────────────────────────────────────────────[0m[34m─╮[0m
[34m│[0m                                                                                                                                                                         [34m│[0m
[34m│[0m  [38;2;230;219;116;49m"{\"ohlcv_json\": \"C:\\\\Users\\\\ADARSH NAIK\\\\Desktop\\\\signal_sync\\\\src\\\\signal_sync\\\\ta\\\\cache\\\\KOTAKBANK.NS_bundle_20260604T162317Z.json\"}"[0m         [34m│[0m
[34m│[0m                                                                                                                                                                         [34m│[0m
[34m╰─────────────────────────────────────────────────────────────────────────────────────────────────────────────────────────────────────────────────────────────────────────╯[0m
[32m╭─[0m[32m─────────────────────────────────────────────────────────────────────────────[0m[32m Tool Output [0m[32m─────────────────────────────────────────────────────────────────────────────[0m[32m─╮[0m
[32m│[0m                                                                                                                                                                         [32m│[0m
[32m│[0m  [92m{'success': True, 'volume_zones': [{'zone_low': 380.35, 'zone_high': 387.0875, 'volume_weight': 317923425.0}, {'zone_low': 373.6125, 'zone_high': 380.35, [0m             [32m│[0m
[32m│[0m  [92m'volume_weight': 291450802.0}, {'zone_low': 366.875, 'zone_high': 373.6125, 'volume_weight': 270986943.0}]}[0m                                                            [32m│[0m
[32m│[0m                                                                                                                                                                         [32m│[0m
[32m│[0m                                                                                                                                                                         [32m│[0m
[32m│[0m  [92mYou ONLY have access to the following tools, and should NEVER make up tools that are not listed here:[0m                                                                  [32m│[0m
[32m│[0m                                                                                                                                                                         [32m│[0m
[32m│[0m  [92mTool Name: find_swings_tool[0m                                                                                                                                            [32m│[0m
[32m│[0m  [92mTool Arguments: {'ohlcv_json': {'description': 'JSON string or file path containing OHLCV list/object. Supports keys: ohlcv, daily_ohlcv, weekly_ohlcv.', 'type': [0m     [32m│[0m
[32m│[0m  [92m'str'}}[0m                                                                                                                                                                [32m│[0m
[32m│[0m  [92mTool Description: Detect swing highs/lows using scipy find_peaks with prominence and distance.[0m                                                                         [32m│[0m
[32m│[0m  [92mTool Name: cluster_levels_tool[0m                                                                                                                                         [32m│[0m
[32m│[0m  [92mTool Arguments: {'levels_json': {'description': 'JSON list of numeric levels or object containing levels list.', 'type': 'str'}, 'threshold_pct': {'description': [0m     [32m│[0m
[32m│[0m  [92m'Cluster threshold as % of level, default 0.5%.', 'type': 'float'}}[0m                                                                                                    [32m│[0m
[32m│[0m  [92mTool Description: Merge nearby levels into support/resistance zones using threshold clustering.[0m                                                                        [32m│[0m
[32m│[0m  [92mTool Name: volume_zone_tool[0m                                                                                                                                            [32m│[0m
[32m│[0m  [92mTool Arguments: {'ohlcv_json': {'description': 'JSON string or file path containing OHLCV list/object. Supports keys: ohlcv, daily_ohlcv, weekly_ohlcv.', 'type': [0m     [32m│[0m
[32m│[0m  [92m'str'}}[0m                                                                                                                                                                [32m│[0m
[32m│[0m  [92mTool Description: Identify high-participation price zones using volume concentration bins.[0m                                                                             [32m│[0m
[32m│[0m  [92mTool Name: dynamic_sr_tool[0m                                                                                                                                             [32m│[0m
[32m│[0m  [92mTool Arguments: {'ohlcv_json': {'description': 'JSON string or file path containing OHLCV list/object. Supports keys: ohlcv, daily_ohlcv, weekly_ohlcv.', 'type': [0m     [32m│[0m
[32m│[0m  [92m'str'}}[0m                                                                                                                                                                [32m│[0m
[32m│[0m  [92mTool Description: Use EMA50/100/200 as dynamic support/resistance context.[0m                                                                                             [32m│[0m
[32m│[0m                                                                                                                                                                         [32m│[0m
[32m│[0m  [92mIMPORTANT: Use the following format in your response:[0m                                                                                                                  [32m│[0m
[32m│[0m                                                                                                                                                                         [32m│[0m
[32m│[0m  [92m```[0m                                                                                                                                                                    [32m│[0m
[32m│[0m  [92mThought: you should always think about what to do[0m                                                                                                                      [32m│[0m
[32m│[0m  [92mAction: the action to take, only one name of [find_swings_tool, cluster_levels_tool, volume_zone_tool, dynamic_sr_tool], just the name, exactly as it's written.[0m       [32m│[0m
[32m│[0m  [92mAction Input: the input to the action, just a simple JSON object, enclosed in curly braces, using " to wrap keys and values.[0m                                           [32m│[0m
[32m│[0m  [92mObservation: the result...[0m                                                                                                                                             [32m│[0m
[32m│[0m                                                                                                                                                                         [32m│[0m
[32m╰─────────────────────────────────────────────────────────────────────────────────────────────────────────────────────────────────────────────────────────────────────────╯[0m

[35m╭─[0m[35m───────────────────────────────────────────────────────────────────────[0m[35m 🔧 Agent Tool Execution [0m[35m───────────────────────────────────────────────────────────────────────[0m[35m─╮[0m
[35m│[0m                                                                                                                                                                         [35m│[0m
[35m│[0m  [37mAgent: [0m[1;92mSupport and Resistance Structure Specialist[0m                                                                                                                     [35m│[0m
[35m│[0m                                                                                                                                                                         [35m│[0m
[35m│[0m  [37mThought: [0m[92mThought: I have identified volume zones that can provide additional context to the support and resistance levels. Next, I will utilize dynamic EMAs to [0m       [35m│[0m
[35m│[0m  [92mfurther refine the support and resistance context.[0m                                                                                                                     [35m│[0m
[35m│[0m                                                                                                                                                                         [35m│[0m
[35m│[0m  [37mUsing Tool: [0m[1;92mdynamic_sr_tool[0m                                                                                                                                            [35m│[0m
[35m│[0m                                                                                                                                                                         [35m│[0m
[35m╰─────────────────────────────────────────────────────────────────────────────────────────────────────────────────────────────────────────────────────────────────────────╯[0m
[34m╭─[0m[34m─────────────────────────────────────────────────────────────────────────────[0m[34m Tool Input [0m[34m──────────────────────────────────────────────────────────────────────────────[0m[34m─╮[0m
[34m│[0m                                                                                                                                                                         [34m│[0m
[34m│[0m  [38;2;230;219;116;49m"{\"ohlcv_json\": \"C:\\\\Users\\\\ADARSH NAIK\\\\Desktop\\\\signal_sync\\\\src\\\\signal_sync\\\\ta\\\\cache\\\\KOTAKBANK.NS_bundle_20260604T162317Z.json\"}"[0m         [34m│[0m
[34m│[0m                                                                                                                                                                         [34m│[0m
[34m╰─────────────────────────────────────────────────────────────────────────────────────────────────────────────────────────────────────────────────────────────────────────╯[0m
[32m╭─[0m[32m─────────────────────────────────────────────────────────────────────────────[0m[32m Tool Output [0m[32m─────────────────────────────────────────────────────────────────────────────[0m[32m─╮[0m
[32m│[0m                                                                                                                                                                         [32m│[0m
[32m│[0m  [92m{'success': True, 'close': 381.5, 'ema_levels': {'ema50': 382.0836, 'ema100': 385.935, 'ema200': 391.7267}, 'dynamic_support': [], 'dynamic_resistance': [382.0836, [0m   [32m│[0m
[32m│[0m  [92m385.935, 391.7267]}[0m                                                                                                                                                    [32m│[0m
[32m│[0m                                                                                                                                                                         [32m│[0m
[32m╰─────────────────────────────────────────────────────────────────────────────────────────────────────────────────────────────────────────────────────────────────────────╯[0m

[32m╭─[0m[32m────────────────────────────────────────────────────────────────────────[0m[32m ✅ Agent Final Answer [0m[32m────────────────────────────────────────────────────────────────────────[0m[32m─╮[0m
[32m│[0m                                                                                                                                                                         [32m│[0m
[32m│[0m  [37mAgent: [0m[1;92mSupport and Resistance Structure Specialist[0m                                                                                                                     [32m│[0m
[32m│[0m                                                                                                                                                                         [32m│[0m
[32m│[0m  [37mFinal Answer:[0m                                                                                                                                                          [32m│[0m
[32m│[0m  [92m{[0m                                                                                                                                                                      [32m│[0m
[32m│[0m  [92m    "support_zones": [[0m                                                                                                                                                 [32m│[0m
[32m│[0m  [92m        {"low": 373.6125, "high": 380.35, "confidence_score": 0.75}, [0m                                                                                                  [32m│[0m
[32m│[0m  [92m        {"low": 366.875, "high": 373.6125, "confidence_score": 0.6}[0m                                                                                                    [32m│[0m
[32m│[0m  [92m    ],[0m                                                                                                                                                                 [32m│[0m
[32m│[0m  [92m    "resistance_zones": [[0m                                                                                                                                              [32m│[0m
[32m│[0m  [92m        {"low": 380.35, "high": 387.0875, "confidence_score": 0.8}, [0m                                                                                                   [32m│[0m
[32m│[0m  [92m        {"low": 385.1722, "high": 392.85, "confidence_score": 0.65}[0m                                                                                                    [32m│[0m
[32m│[0m  [92m    ],[0m                                                                                                                                                                 [32m│[0m
[32m│[0m  [92m    "evidence_by_layer": {[0m                                                                                                                                             [32m│[0m
[32m│[0m  [92m        "swings": {[0m                                                                                                                                                    [32m│[0m
[32m│[0m  [92m            "highs": [407.3, 375.4, 371.1, 380.15, 383.6, 383.3, 381.05, 391.8, 392.85],[0m                                                                               [32m│[0m
[32m│[0m  [92m            "lows": [366.85, 353.4, 371.9, 370.4, 371.35, 376.0, 380.85, 377.4][0m                                                                                        [32m│[0m
[32m│[0m  [92m        },[0m                                                                                                                                                             [32m│[0m
[32m│[0m  [92m        "clusters": [385.1722],[0m                                                                                                                                        [32m│[0m
[32m│[0m  [92m        "volume_zones": [[0m                                                                                                                                              [32m│[0m
[32m│[0m  [92m            {"zone_low": 380.35, "zone_high": 387.0875, "volume_weight": 317923425.0},[0m                                                                                 [32m│[0m
[32m│[0m  [92m            {"zone_low": 373.6125, "zone_high": 380.35, "volume_weight": 291450802.0},[0m                                                                                 [32m│[0m
[32m│[0m  [92m            {"zone_low": 366.875, "zone_high": 373.6125, "volume_weight": 270986943.0}[0m                                                                                 [32m│[0m
[32m│[0m  [92m        ],[0m                                                                                                                                                             [32m│[0m
[32m│[0m  [92m        "ema_levels": {[0m                                                                                                                                                [32m│[0m
[32m│[0m  [92m            "ema50": 382.0836,[0m                                                                                                                                         [32m│[0m
[32m│[0m  [92m            "ema100": 385.935,[0m                                                                                                                                         [32m│[0m
[32m│[0m  [92m            "ema200": 391.7267[0m                                                                                                                                         [32m│[0m
[32m│[0m  [92m        }[0m                                                                                                                                                              [32m│[0m
[32m│[0m  [92m    },[0m                                                                                                                                                                 [32m│[0m
[32m│[0m  [92m    "confidence_scores": {[0m                                                                                                                                             [32m│[0m
[32m│[0m  [92m        "support_zones_score": 0.55,[0m                                                                                                                                   [32m│[0m
[32m│[0m  [92m        "resistance_zones_score": 0.72,[0m                                                                                                                                [32m│[0m
[32m│[0m  [92m        "volume_weighted_score": 0.85,[0m                                                                                                                                 [32m│[0m
[32m│[0m  [92m        "ema_dynamic_score": 0.60[0m                                                                                                                                      [32m│[0m
[32m│[0m  [92m    }[0m                                                                                                                                                                  [32m│[0m
[32m│[0m  [92m}[0m                                                                                                                                                                      [32m│[0m
[32m│[0m                                                                                                                                                                         [32m│[0m
[32m╰─────────────────────────────────────────────────────────────────────────────────────────────────────────────────────────────────────────────────────────────────────────╯[0m

[33m╭─[0m[33m────────────────────────────────────────────────────────────────────────────[0m[33m Task Started [0m[33m─────────────────────────────────────────────────────────────────────────────[0m[33m─╮[0m
[33m│[0m                                                                                                                                                                         [33m│[0m
[33m│[0m  [1;33m📋 Task: 33aafdcf-94b9-4568-a1c5-0ba6d5f4fba8[0m                                                                                                                          [33m│[0m
[33m│[0m  [37mStatus: [0m[2;33mExecuting Task...[0m                                                                                                                                              [33m│[0m
[33m│[0m                                                                                                                                                                         [33m│[0m
[33m╰─────────────────────────────────────────────────────────────────────────────────────────────────────────────────────────────────────────────────────────────────────────╯[0m


[35m╭─[0m[35m──────────────────────────────────────────────────────────────────────────[0m[35m 🤖 Agent Started [0m[35m───────────────────────────────────────────────────────────────────────────[0m[35m─╮[0m
[35m│[0m                                                                                                                                                                         [35m│[0m
[35m│[0m  [37mAgent: [0m[1;92mTechnical Thesis and Signal Reasoning Specialist[0m                                                                                                                [35m│[0m
[35m│[0m                                                                                                                                                                         [35m│[0m
[35m│[0m  [37mTask: [0m[92mSynthesize indicators, patterns, support/resistance, and visual advisory into technical stance, confidence, and thesis for medium/long term.[0m                     [35m│[0m
[35m│[0m                                                                                                                                                                         [35m│[0m
[35m│[0m                                                                                                                                                                         [35m│[0m
[35m╰─────────────────────────────────────────────────────────────────────────────────────────────────────────────────────────────────────────────────────────────────────────╯[0m

[32m╭─[0m[32m────────────────────────────────────────────────────────────────────────[0m[32m ✅ Agent Final Answer [0m[32m────────────────────────────────────────────────────────────────────────[0m[32m─╮[0m
[32m│[0m                                                                                                                                                                         [32m│[0m
[32m│[0m  [37mAgent: [0m[1;92mTechnical Thesis and Signal Reasoning Specialist[0m                                                                                                                [32m│[0m
[32m│[0m                                                                                                                                                                         [32m│[0m
[32m│[0m  [37mFinal Answer:[0m                                                                                                                                                          [32m│[0m
[32m│[0m  [92m{[0m                                                                                                                                                                      [32m│[0m
[32m│[0m  [92m  "stance": "neutral",[0m                                                                                                                                                 [32m│[0m
[32m│[0m  [92m  "confidence": 0.75,[0m                                                                                                                                                  [32m│[0m
[32m│[0m  [92m  "thesis": "The asset is currently consolidating with a slight bullish bias supported by recent price action and moving averages. However, it remains under the [0m      [32m│[0m
[32m│[0m  [92mresistance of the 200-day EMA, suggesting that a breakout is needed for a stronger trend. Key support around 373.6125 to 380.35 provides a safety net, but without a [0m  [32m│[0m
[32m│[0m  [92msignificant breakout, neutrality remains essential.",[0m                                                                                                                  [32m│[0m
[32m│[0m  [92m  "key_supporting_evidence": {[0m                                                                                                                                         [32m│[0m
[32m│[0m  [92m    "trend_indicators": {[0m                                                                                                                                              [32m│[0m
[32m│[0m  [92m      "sma": {[0m                                                                                                                                                         [32m│[0m
[32m│[0m  [92m        "sma20": 383.4875,[0m                                                                                                                                             [32m│[0m
[32m│[0m  [92m        "sma50": 376.936[0m                                                                                                                                               [32m│[0m
[32m│[0m  [92m      },[0m                                                                                                                                                               [32m│[0m
[32m│[0m  [92m      "ema": {[0m                                                                                                                                                         [32m│[0m
[32m│[0m  [92m        "ema20": 382.4874,[0m                                                                                                                                             [32m│[0m
[32m│[0m  [92m        "ema50": 382.0836,[0m                                                                                                                                             [32m│[0m
[32m│[0m  [92m        "ema100": 385.935,[0m                                                                                                                                             [32m│[0m
[32m│[0m  [92m        "ema200": 391.7267[0m                                                                                                                                             [32m│[0m
[32m│[0m  [92m      }[0m                                                                                                                                                                [32m│[0m
[32m│[0m  [92m    },[0m                                                                                                                                                                 [32m│[0m
[32m│[0m  [92m    "momentum_indicators": {[0m                                                                                                                                           [32m│[0m
[32m│[0m  [92m      "rsi14": 44.4333,[0m                                                                                                                                                [32m│[0m
[32m│[0m  [92m      "macd": {[0m                                                                                                                                                        [32m│[0m
[32m│[0m  [92m        "value": 0.7712,[0m                                                                                                                                               [32m│[0m
[32m│[0m  [92m        "signal": 1.6309,[0m                                                                                                                                              [32m│[0m
[32m│[0m  [92m        "histogram": -0.8597[0m                                                                                                                                           [32m│[0m
[32m│[0m  [92m      }[0m                                                                                                                                                                [32m│[0m
[32m│[0m  [92m    },[0m                                                                                                                                                                 [32m│[0m
[32m│[0m  [92m    "volatility": {[0m                                                                                                                                                    [32m│[0m
[32m│[0m  [92m      "atr14": 8.2286,[0m                                                                                                                                                 [32m│[0m
[32m│[0m  [92m      "bollinger_bands": {[0m                                                                                                                                             [32m│[0m
[32m│[0m  [92m        "basis": 383.4875,[0m                                                                                                                                             [32m│[0m
[32m│[0m  [92m        "upper": 393.0137,[0m                                                                                                                                             [32m│[0m
[32m│[0m  [92m        "lower": 373.9613[0m                                                                                                                                              [32m│[0m
[32m│[0m  [92m      }[0m                                                                                                                                                                [32m│[0m
[32m│[0m  [92m    },[0m                                                                                                                                                                 [32m│[0m
[32m│[0m  [92m    "volume_analysis": {[0m                                                                                                                                               [32m│[0m
[32m│[0m  [92m      "on_balance_volume": 109622773.0,[0m                                                                                                                                [32m│[0m
[32m│[0m  [92m      "volume_zones": [[0m                                                                                                                                                [32m│[0m
[32m│[0m  [92m        {"zone_low": 380.35, "zone_high": 387.0875, "volume_weight": 317923425.0},[0m                                                                                     [32m│[0m
[32m│[0m  [92m        {"zone_low": 373.6125, "zone_high": 380.35, "volume_weight": 291450802.0}[0m                                                                                      [32m│[0m
[32m│[0m  [92m      ][0m                                                                                                                                                                [32m│[0m
[32m│[0m  [92m    },[0m                                                                                                                                                                 [32m│[0m
[32m│[0m  [92m    "support_resistance_zones": {[0m                                                                                                                                      [32m│[0m
[32m│[0m  [92m      "support_zones": [[0m                                                                                                                                               [32m│[0m
[32m│[0m  [92m        {"low": 373.6125, "high": 380.35, "confidence_score": 0.75},[0m                                                                                                   [32m│[0m
[32m│[0m  [92m        {"low": 366.875, "high": 373.6125, "confidence_score": 0.6}[0m                                                                                                    [32m│[0m
[32m│[0m  [92m      ],[0m                                                                                                                                                               [32m│[0m
[32m│[0m  [92m      "resistance_zones": [[0m                                                                                                                                            [32m│[0m
[32m│[0m  [92m        {"low": 380.35, "high": 387.0875, "confidence_score": 0.8},[0m                                                                                                    [32m│[0m
[32m│[0m  [92m        {"low": 385.1722, "high": 392.85, "confidence_score": 0.65}[0m                                                                                                    [32m│[0m
[32m│[0m  [92m      ][0m                                                                                                                                                                [32m│[0m
[32m│[0m  [92m    },[0m                                                                                                                                                                 [32m│[0m
[32m│[0m  [92m    "visual_review": {[0m                                                                                                                                                 [32m│[0m
[32m│[0m  [92m      "summary": "The chart shows an initial downtrend followed by a recovery phase with consolidation around the 20-day EMA and 50-day EMA. The recent bullish [0m       [32m│[0m
[32m│[0m  [92mcrossover is noted, but the 200-day EMA is preventing confirmation of a new uptrend.",[0m                                                                                 [32m│[0m
[32m│[0m  [92m      "confidence": 0.85,[0m                                                                                                                                              [32m│[0m
[32m│[0m  [92m      "image_analysis_status": "completed"[0m                                                                                                                             [32m│[0m
[32m│[0m  [92m    },[0m                                                                                                                                                                 [32m│[0m
[32m│[0m  [92m    "chart_patterns": ["channel"][0m                                                                                                                                      [32m│[0m
[32m│[0m  [92m  }[0m                                                                                                                                                                    [32m│[0m
[32m│[0m  [92m}[0m                                                                                                                                                                      [32m│[0m
[32m│[0m                                                                                                                                                                         [32m│[0m
[32m╰─────────────────────────────────────────────────────────────────────────────────────────────────────────────────────────────────────────────────────────────────────────╯[0m

[33m╭─[0m[33m────────────────────────────────────────────────────────────────────────────[0m[33m Task Started [0m[33m─────────────────────────────────────────────────────────────────────────────[0m[33m─╮[0m
[33m│[0m                                                                                                                                                                         [33m│[0m
[33m│[0m  [1;33m📋 Task: 0e8495cb-5e5a-4f33-9528-dbcc0c8b060c[0m                                                                                                                          [33m│[0m
[33m│[0m  [37mStatus: [0m[2;33mExecuting Task...[0m                                                                                                                                              [33m│[0m
[33m│[0m                                                                                                                                                                         [33m│[0m
[33m╰─────────────────────────────────────────────────────────────────────────────────────────────────────────────────────────────────────────────────────────────────────────╯[0m


[35m╭─[0m[35m──────────────────────────────────────────────────────────────────────────[0m[35m 🤖 Agent Started [0m[35m───────────────────────────────────────────────────────────────────────────[0m[35m─╮[0m
[35m│[0m                                                                                                                                                                         [35m│[0m
[35m│[0m  [37mAgent: [0m[1;92mTechnical Analysis Explainer[0m                                                                                                                                    [35m│[0m
[35m│[0m                                                                                                                                                                         [35m│[0m
[35m│[0m  [37mTask: [0m[92mExplain the analysis in human-readable terms with no hype and no guarantees. Make every uncertainty note specific to the current ticker and grounded in the [0m     [35m│[0m
[35m│[0m  [92msupplied JSON values. Reference concrete indicator values, support/resistance levels, or pattern names instead of generic market filler. Include clear invalidation [0m   [35m│[0m
[35m│[0m  [92mpoints and what to monitor next.[0m                                                                                                                                       [35m│[0m
[35m│[0m                                                                                                                                                                         [35m│[0m
[35m│[0m                                                                                                                                                                         [35m│[0m
[35m╰─────────────────────────────────────────────────────────────────────────────────────────────────────────────────────────────────────────────────────────────────────────╯[0m

[32m╭─[0m[32m────────────────────────────────────────────────────────────────────────[0m[32m ✅ Agent Final Answer [0m[32m────────────────────────────────────────────────────────────────────────[0m[32m─╮[0m
[32m│[0m                                                                                                                                                                         [32m│[0m
[32m│[0m  [37mAgent: [0m[1;92mTechnical Analysis Explainer[0m                                                                                                                                    [32m│[0m
[32m│[0m                                                                                                                                                                         [32m│[0m
[32m│[0m  [37mFinal Answer:[0m                                                                                                                                                          [32m│[0m
[32m│[0m  [92m{[0m                                                                                                                                                                      [32m│[0m
[32m│[0m  [92m  "summary": {[0m                                                                                                                                                         [32m│[0m
[32m│[0m  [92m    "stance": "neutral",[0m                                                                                                                                               [32m│[0m
[32m│[0m  [92m    "confidence": 0.75,[0m                                                                                                                                                [32m│[0m
[32m│[0m  [92m    "thesis": "The asset is engaged in a consolidation phase with a slight bullish bias. Although recent price actions have shown some positive momentum supported by[0m  [32m│[0m
[32m│[0m  [92mthe moving averages, the price remains constrained below the 200-day EMA, indicating a need for a significant breakout to establish a stronger trend.",[0m                [32m│[0m
[32m│[0m  [92m    "key_support": "Support levels are identified between 373.6125 and 380.35, providing a cushion for price action.",[0m                                                 [32m│[0m
[32m│[0m  [92m    "key_resistance": "Resistance is currently pegged at 391.7267 due to the 200-day EMA."[0m                                                                             [32m│[0m
[32m│[0m  [92m  },[0m                                                                                                                                                                   [32m│[0m
[32m│[0m  [92m  "indicator_explanation": {[0m                                                                                                                                           [32m│[0m
[32m│[0m  [92m    "trend_indicators": {[0m                                                                                                                                              [32m│[0m
[32m│[0m  [92m      "sma": {[0m                                                                                                                                                         [32m│[0m
[32m│[0m  [92m        "sma20": 383.4875,[0m                                                                                                                                             [32m│[0m
[32m│[0m  [92m        "sma50": 376.936[0m                                                                                                                                               [32m│[0m
[32m│[0m  [92m      },[0m                                                                                                                                                               [32m│[0m
[32m│[0m  [92m      "ema": {[0m                                                                                                                                                         [32m│[0m
[32m│[0m  [92m        "ema20": 382.4874,[0m                                                                                                                                             [32m│[0m
[32m│[0m  [92m        "ema50": 382.0836,[0m                                                                                                                                             [32m│[0m
[32m│[0m  [92m        "ema100": 385.935,[0m                                                                                                                                             [32m│[0m
[32m│[0m  [92m        "ema200": 391.7267[0m                                                                                                                                             [32m│[0m
[32m│[0m  [92m      }[0m                                                                                                                                                                [32m│[0m
[32m│[0m  [92m    },[0m                                                                                                                                                                 [32m│[0m
[32m│[0m  [92m    "momentum_indicators": {[0m                                                                                                                                           [32m│[0m
[32m│[0m  [92m      "rsi14": 44.4333,[0m                                                                                                                                                [32m│[0m
[32m│[0m  [92m      "macd": {[0m                                                                                                                                                        [32m│[0m
[32m│[0m  [92m        "value": 0.7712,[0m                                                                                                                                               [32m│[0m
[32m│[0m  [92m        "signal": 1.6309,[0m                                                                                                                                              [32m│[0m
[32m│[0m  [92m        "histogram": -0.8597[0m                                                                                                                                           [32m│[0m
[32m│[0m  [92m      }[0m                                                                                                                                                                [32m│[0m
[32m│[0m  [92m    },[0m                                                                                                                                                                 [32m│[0m
[32m│[0m  [92m    "volatility": {[0m                                                                                                                                                    [32m│[0m
[32m│[0m  [92m      "atr14": 8.2286,[0m                                                                                                                                                 [32m│[0m
[32m│[0m  [92m      "bollinger_bands": {[0m                                                                                                                                             [32m│[0m
[32m│[0m  [92m        "basis": 383.4875,[0m                                                                                                                                             [32m│[0m
[32m│[0m  [92m        "upper": 393.0137,[0m                                                                                                                                             [32m│[0m
[32m│[0m  [92m        "lower": 373.9613[0m                                                                                                                                              [32m│[0m
[32m│[0m  [92m      }[0m                                                                                                                                                                [32m│[0m
[32m│[0m  [92m    },[0m                                                                                                                                                                 [32m│[0m
[32m│[0m  [92m    "volume_analysis": {[0m                                                                                                                                               [32m│[0m
[32m│[0m  [92m      "on_balance_volume": 109622773.0,[0m                                                                                                                                [32m│[0m
[32m│[0m  [92m      "volume_zones": [[0m                                                                                                                                                [32m│[0m
[32m│[0m  [92m        {"zone_low": 380.35, "zone_high": 387.0875, "volume_weight": 317923425.0},[0m                                                                                     [32m│[0m
[32m│[0m  [92m        {"zone_low": 373.6125, "zone_high": 380.35, "volume_weight": 291450802.0}[0m                                                                                      [32m│[0m
[32m│[0m  [92m      ][0m                                                                                                                                                                [32m│[0m
[32m│[0m  [92m    }[0m                                                                                                                                                                  [32m│[0m
[32m│[0m  [92m  },[0m                                                                                                                                                                   [32m│[0m
[32m│[0m  [92m  "pattern_explanation": {[0m                                                                                                                                             [32m│[0m
[32m│[0m  [92m    "chart_patterns": [[0m                                                                                                                                                [32m│[0m
[32m│[0m  [92m      "channel"[0m                                                                                                                                                        [32m│[0m
[32m│[0m  [92m    ],[0m                                                                                                                                                                 [32m│[0m
[32m│[0m  [92m    "visual_review": {[0m                                                                                                                                                 [32m│[0m
[32m│[0m  [92m      "summary": "The chart reflects an initial downtrend followed by a recovery phase characterized by consolidation around the 20-day EMA and 50-day EMA. Notably, [0m  [32m│[0m
[32m│[0m  [92ma bullish crossover was observed; however, the 200-day EMA acts as a barrier to confirming a new uptrend.",[0m                                                            [32m│[0m
[32m│[0m  [92m      "confidence": 0.85,[0m                                                                                                                                              [32m│[0m
[32m│[0m  [92m      "image_analysis_status": "completed"[0m                                                                                                                             [32m│[0m
[32m│[0m  [92m    }[0m                                                                                                                                                                  [32m│[0m
[32m│[0m  [92m  },[0m                                                                                                                                                                   [32m│[0m
[32m│[0m  [92m  "sr_explanation": {[0m                                                                                                                                                  [32m│[0m
[32m│[0m  [92m    "support_zones": [[0m                                                                                                                                                 [32m│[0m
[32m│[0m  [92m      {"low": 373.6125, "high": 380.35, "confidence_score": 0.75},[0m                                                                                                     [32m│[0m
[32m│[0m  [92m      {"low": 366.875, "high": 373.6125, "confidence_score": 0.6}[0m                                                                                                      [32m│[0m
[32m│[0m  [92m    ],[0m                                                                                                                                                                 [32m│[0m
[32m│[0m  [92m    "resistance_zones": [[0m                                                                                                                                              [32m│[0m
[32m│[0m  [92m      {"low": 380.35, "high": 387.0875, "confidence_score": 0.8},[0m                                                                                                      [32m│[0m
[32m│[0m  [92m      {"low": 385.1722, "high": 392.85, "confidence_score": 0.65}[0m                                                                                                      [32m│[0m
[32m│[0m  [92m    ][0m                                                                                                                                                                  [32m│[0m
[32m│[0m  [92m  },[0m                                                                                                                                                                   [32m│[0m
[32m│[0m  [92m  "uncertainty_notes": [[0m                                                                                                                                               [32m│[0m
[32m│[0m  [92m    "The Relative Strength Index (RSI) is at 44.4333, suggesting that the asset is nearing a neutral level, indicating potential indecision in the current price [0m      [32m│[0m
[32m│[0m  [92mmovement.",[0m                                                                                                                                                            [32m│[0m
[32m│[0m  [92m    "The MACD histogram is negative (-0.8597), indicating that recent price momentum might not be strong enough to push through the existing resistance at the [0m        [32m│[0m
[32m│[0m  [92m200-day EMA.",[0m                                                                                                                                                         [32m│[0m
[32m│[0m  [92m    "The price must breach the 391.7267 level for a confirmed uptrend; failure to do so may solidify the consolidation phase."[0m                                         [32m│[0m
[32m│[0m  [92m  ],[0m                                                                                                                                                                   [32m│[0m
[32m│[0m  [92m  "monitoring_checklist": [[0m                                                                                                                                            [32m│[0m
[32m│[0m  [92m    "Watch for a breakout above the 200-day EMA at 391.7267 to signal a stronger bullish trend.",[0m                                                                      [32m│[0m
[32m│[0m  [92m    "Observe trading volume as it approaches key resistance levels (380.35 - 387.0875) to confirm momentum.",[0m                                                          [32m│[0m
[32m│[0m  [92m    "Maintain awareness of RSI and MACD values for indications of strengthening or weakening momentum."[0m                                                                [32m│[0m
[32m│[0m  [92m  ][0m                                                                                                                                                                    [32m│[0m
[32m│[0m  [92m}[0m                                                                                                                                                                      [32m│[0m
[32m│[0m                                                                                                                                                                         [32m│[0m
[32m╰─────────────────────────────────────────────────────────────────────────────────────────────────────────────────────────────────────────────────────────────────────────╯[0m

