[33m╭─[0m[33m────────────────────────────────────────────────────────────────────────────[0m[33m Task Started [0m[33m─────────────────────────────────────────────────────────────────────────────[0m[33m─╮[0m
[33m│[0m                                                                                                                                                                         [33m│[0m
[33m│[0m  [1;33m📋 Task: 7b33e2e9-db7a-48f4-8897-a7ab591ddae5[0m                                                                                                                          [33m│[0m
[33m│[0m  [37mStatus: [0m[2;33mExecuting Task...[0m                                                                                                                                              [33m│[0m
[33m│[0m                                                                                                                                                                         [33m│[0m
[33m╰─────────────────────────────────────────────────────────────────────────────────────────────────────────────────────────────────────────────────────────────────────────╯[0m


[35m╭─[0m[35m──────────────────────────────────────────────────────────────────────────[0m[35m 🤖 Agent Started [0m[35m───────────────────────────────────────────────────────────────────────────[0m[35m─╮[0m
[35m│[0m                                                                                                                                                                         [35m│[0m
[35m│[0m  [37mAgent: [0m[1;92mMarket Data Validation Specialist for ITC.NS[0m                                                                                                                    [35m│[0m
[35m│[0m                                                                                                                                                                         [35m│[0m
[35m│[0m  [37mTask: [0m[92mUse fetch_market_data_bundle_tool as the only tool. It returns a compact bundle_file plus row counts, validation, and actions metadata in one deterministic [0m     [35m│[0m
[35m│[0m  [92mpass. Use the bundle_file path as the handoff to downstream tasks instead of embedding the full OHLCV list in context. Do not perform analysis, do not ask coworkers,[0m  [35m│[0m
[35m│[0m  [92mand do not split the work into multiple tool calls.[0m                                                                                                                    [35m│[0m
[35m│[0m                                                                                                                                                                         [35m│[0m
[35m│[0m                                                                                                                                                                         [35m│[0m
[35m╰─────────────────────────────────────────────────────────────────────────────────────────────────────────────────────────────────────────────────────────────────────────╯[0m

[35m╭─[0m[35m───────────────────────────────────────────────────────────────────────[0m[35m 🔧 Agent Tool Execution [0m[35m───────────────────────────────────────────────────────────────────────[0m[35m─╮[0m
[35m│[0m                                                                                                                                                                         [35m│[0m
[35m│[0m  [37mAgent: [0m[1;92mMarket Data Validation Specialist for ITC.NS[0m                                                                                                                    [35m│[0m
[35m│[0m                                                                                                                                                                         [35m│[0m
[35m│[0m  [37mThought: [0m[92mI need to gather the adjusted OHLCV and corporate actions data for ITC.NS using the specified tool.[0m                                                           [35m│[0m
[35m│[0m                                                                                                                                                                         [35m│[0m
[35m│[0m  [37mUsing Tool: [0m[1;92mfetch_market_data_bundle_tool[0m                                                                                                                              [35m│[0m
[35m│[0m                                                                                                                                                                         [35m│[0m
[35m╰─────────────────────────────────────────────────────────────────────────────────────────────────────────────────────────────────────────────────────────────────────────╯[0m
[34m╭─[0m[34m─────────────────────────────────────────────────────────────────────────────[0m[34m Tool Input [0m[34m──────────────────────────────────────────────────────────────────────────────[0m[34m─╮[0m
[34m│[0m                                                                                                                                                                         [34m│[0m
[34m│[0m  [38;2;230;219;116;49m"{\"ticker\": \"ITC.NS\", \"daily_period\": \"1d\", \"weekly_period\": \"1wk\", \"auto_adjust\": true}"[0m                                                                [34m│[0m
[34m│[0m                                                                                                                                                                         [34m│[0m
[34m╰─────────────────────────────────────────────────────────────────────────────────────────────────────────────────────────────────────────────────────────────────────────╯[0m
[32m╭─[0m[32m─────────────────────────────────────────────────────────────────────────────[0m[32m Tool Output [0m[32m─────────────────────────────────────────────────────────────────────────────[0m[32m─╮[0m
[32m│[0m                                                                                                                                                                         [32m│[0m
[32m│[0m  [92m{"success": true, "ticker": "ITC.NS", "bundle_file": "C:\\Users\\ADARSH [0m                                                                                               [32m│[0m
[32m│[0m  [92mNAIK\\Desktop\\signal_sync\\src\\signal_sync\\ta\\cache\\ITC.NS_bundle_20260604T164049Z.json", "daily_rows": 63, "weekly_rows": 53, "actions_count": 40, [0m              [32m│[0m
[32m│[0m  [92m"validation": {"success": true, "rows": 63, "dropped_rows": 0}}[0m                                                                                                        [32m│[0m
[32m│[0m                                                                                                                                                                         [32m│[0m
[32m╰─────────────────────────────────────────────────────────────────────────────────────────────────────────────────────────────────────────────────────────────────────────╯[0m

[32m╭─[0m[32m────────────────────────────────────────────────────────────────────────[0m[32m ✅ Agent Final Answer [0m[32m────────────────────────────────────────────────────────────────────────[0m[32m─╮[0m
[32m│[0m                                                                                                                                                                         [32m│[0m
[32m│[0m  [37mAgent: [0m[1;92mMarket Data Validation Specialist for ITC.NS[0m                                                                                                                    [32m│[0m
[32m│[0m                                                                                                                                                                         [32m│[0m
[32m│[0m  [37mFinal Answer:[0m                                                                                                                                                          [32m│[0m
[32m│[0m  [92m{"bundle_file":"C:\\Users\\ADARSH [0m                                                                                                                                     [32m│[0m
[32m│[0m  [92mNAIK\\Desktop\\signal_sync\\src\\signal_sync\\ta\\cache\\ITC.NS_bundle_20260604T164049Z.json","daily_rows":63,"weekly_rows":53,"actions_count":40,"validation":{"succ[0m  [32m│[0m
[32m│[0m  [92mess":true,"rows":63,"dropped_rows":0}}[0m                                                                                                                                 [32m│[0m
[32m│[0m                                                                                                                                                                         [32m│[0m
[32m╰─────────────────────────────────────────────────────────────────────────────────────────────────────────────────────────────────────────────────────────────────────────╯[0m

[33m╭─[0m[33m────────────────────────────────────────────────────────────────────────────[0m[33m Task Started [0m[33m─────────────────────────────────────────────────────────────────────────────[0m[33m─╮[0m
[33m│[0m                                                                                                                                                                         [33m│[0m
[33m│[0m  [1;33m📋 Task: f5497a9b-19de-4f2a-950b-c7f7e13341d1[0m                                                                                                                          [33m│[0m
[33m│[0m  [37mStatus: [0m[2;33mExecuting Task...[0m                                                                                                                                              [33m│[0m
[33m│[0m                                                                                                                                                                         [33m│[0m
[33m╰─────────────────────────────────────────────────────────────────────────────────────────────────────────────────────────────────────────────────────────────────────────╯[0m


[35m╭─[0m[35m──────────────────────────────────────────────────────────────────────────[0m[35m 🤖 Agent Started [0m[35m───────────────────────────────────────────────────────────────────────────[0m[35m─╮[0m
[35m│[0m                                                                                                                                                                         [35m│[0m
[35m│[0m  [37mAgent: [0m[1;92mTechnical Indicator Computation Specialist[0m                                                                                                                      [35m│[0m
[35m│[0m                                                                                                                                                                         [35m│[0m
[35m│[0m  [37mTask: [0m[92mUse indicator_rule_engine_tool as the only tool. It computes SMA, EMA20/50/100/200, RSI, MACD, ATR, Bollinger Bands, and OBV in one deterministic pass. Pass [0m    [35m│[0m
[35m│[0m  [92mthe bundle_file path from market_data_task directly into the tool.[0m                                                                                                     [35m│[0m
[35m│[0m                                                                                                                                                                         [35m│[0m
[35m│[0m                                                                                                                                                                         [35m│[0m
[35m╰─────────────────────────────────────────────────────────────────────────────────────────────────────────────────────────────────────────────────────────────────────────╯[0m

[35m╭─[0m[35m───────────────────────────────────────────────────────────────────────[0m[35m 🔧 Agent Tool Execution [0m[35m───────────────────────────────────────────────────────────────────────[0m[35m─╮[0m
[35m│[0m                                                                                                                                                                         [35m│[0m
[35m│[0m  [37mAgent: [0m[1;92mTechnical Indicator Computation Specialist[0m                                                                                                                      [35m│[0m
[35m│[0m                                                                                                                                                                         [35m│[0m
[35m│[0m  [37mThought: [0m[92mThought: I need to use the provided bundle file path to compute the required indicators using the `indicator_rule_engine_tool`.[0m                               [35m│[0m
[35m│[0m                                                                                                                                                                         [35m│[0m
[35m│[0m  [37mUsing Tool: [0m[1;92mindicator_rule_engine_tool[0m                                                                                                                                 [35m│[0m
[35m│[0m                                                                                                                                                                         [35m│[0m
[35m╰─────────────────────────────────────────────────────────────────────────────────────────────────────────────────────────────────────────────────────────────────────────╯[0m
[34m╭─[0m[34m─────────────────────────────────────────────────────────────────────────────[0m[34m Tool Input [0m[34m──────────────────────────────────────────────────────────────────────────────[0m[34m─╮[0m
[34m│[0m                                                                                                                                                                         [34m│[0m
[34m│[0m  [38;2;230;219;116;49m"{\"ohlcv_json\": \"C:\\\\Users\\\\ADARSH NAIK\\\\Desktop\\\\signal_sync\\\\src\\\\signal_sync\\\\ta\\\\cache\\\\ITC.NS_bundle_20260604T164049Z.json\"}"[0m               [34m│[0m
[34m│[0m                                                                                                                                                                         [34m│[0m
[34m╰─────────────────────────────────────────────────────────────────────────────────────────────────────────────────────────────────────────────────────────────────────────╯[0m
[32m╭─[0m[32m─────────────────────────────────────────────────────────────────────────────[0m[32m Tool Output [0m[32m─────────────────────────────────────────────────────────────────────────────[0m[32m─╮[0m
[32m│[0m                                                                                                                                                                         [32m│[0m
[32m│[0m  [92m{"success": true, "trend": {"sma": {"sma20": 293.1969, "sma50": 294.0684, "sma100": null, "sma200": null}, "ema": {"ema20": 290.7126, "ema50": 294.5821, "ema100": [0m    [32m│[0m
[32m│[0m  [92m297.0772, "ema200": 299.477}}, "momentum": {"rsi14": 24.9196, "macd": -4.556, "macd_signal": -2.4365, "macd_histogram": -2.1195}, "volatility": {"atr14": 5.4793, [0m     [32m│[0m
[32m│[0m  [92m"bb_basis20": 293.1969, "bb_upper20": 308.8697, "bb_lower20": 277.5242}, "volume": {"obv": 20893767.0}}[0m                                                                [32m│[0m
[32m│[0m                                                                                                                                                                         [32m│[0m
[32m╰─────────────────────────────────────────────────────────────────────────────────────────────────────────────────────────────────────────────────────────────────────────╯[0m

[32m╭─[0m[32m────────────────────────────────────────────────────────────────────────[0m[32m ✅ Agent Final Answer [0m[32m────────────────────────────────────────────────────────────────────────[0m[32m─╮[0m
[32m│[0m                                                                                                                                                                         [32m│[0m
[32m│[0m  [37mAgent: [0m[1;92mTechnical Indicator Computation Specialist[0m                                                                                                                      [32m│[0m
[32m│[0m                                                                                                                                                                         [32m│[0m
[32m│[0m  [37mFinal Answer:[0m                                                                                                                                                          [32m│[0m
[32m│[0m  [92m{[0m                                                                                                                                                                      [32m│[0m
[32m│[0m  [92m  "trend": {[0m                                                                                                                                                           [32m│[0m
[32m│[0m  [92m    "sma": {[0m                                                                                                                                                           [32m│[0m
[32m│[0m  [92m      "sma20": 293.1969,[0m                                                                                                                                               [32m│[0m
[32m│[0m  [92m      "sma50": 294.0684,[0m                                                                                                                                               [32m│[0m
[32m│[0m  [92m      "sma100": null,[0m                                                                                                                                                  [32m│[0m
[32m│[0m  [92m      "sma200": null[0m                                                                                                                                                   [32m│[0m
[32m│[0m  [92m    },[0m                                                                                                                                                                 [32m│[0m
[32m│[0m  [92m    "ema": {[0m                                                                                                                                                           [32m│[0m
[32m│[0m  [92m      "ema20": 290.7126,[0m                                                                                                                                               [32m│[0m
[32m│[0m  [92m      "ema50": 294.5821,[0m                                                                                                                                               [32m│[0m
[32m│[0m  [92m      "ema100": 297.0772,[0m                                                                                                                                              [32m│[0m
[32m│[0m  [92m      "ema200": 299.477[0m                                                                                                                                                [32m│[0m
[32m│[0m  [92m    }[0m                                                                                                                                                                  [32m│[0m
[32m│[0m  [92m  },[0m                                                                                                                                                                   [32m│[0m
[32m│[0m  [92m  "momentum": {[0m                                                                                                                                                        [32m│[0m
[32m│[0m  [92m    "rsi14": 24.9196,[0m                                                                                                                                                  [32m│[0m
[32m│[0m  [92m    "macd": -4.556,[0m                                                                                                                                                    [32m│[0m
[32m│[0m  [92m    "macd_signal": -2.4365,[0m                                                                                                                                            [32m│[0m
[32m│[0m  [92m    "macd_histogram": -2.1195[0m                                                                                                                                          [32m│[0m
[32m│[0m  [92m  },[0m                                                                                                                                                                   [32m│[0m
[32m│[0m  [92m  "volatility": {[0m                                                                                                                                                      [32m│[0m
[32m│[0m  [92m    "atr14": 5.4793,[0m                                                                                                                                                   [32m│[0m
[32m│[0m  [92m    "bb_basis20": 293.1969,[0m                                                                                                                                            [32m│[0m
[32m│[0m  [92m    "bb_upper20": 308.8697,[0m                                                                                                                                            [32m│[0m
[32m│[0m  [92m    "bb_lower20": 277.5242[0m                                                                                                                                             [32m│[0m
[32m│[0m  [92m  },[0m                                                                                                                                                                   [32m│[0m
[32m│[0m  [92m  "volume": {[0m                                                                                                                                                          [32m│[0m
[32m│[0m  [92m    "obv": 20893767.0[0m                                                                                                                                                  [32m│[0m
[32m│[0m  [92m  }[0m                                                                                                                                                                    [32m│[0m
[32m│[0m  [92m}[0m                                                                                                                                                                      [32m│[0m
[32m│[0m                                                                                                                                                                         [32m│[0m
[32m╰─────────────────────────────────────────────────────────────────────────────────────────────────────────────────────────────────────────────────────────────────────────╯[0m

[33m╭─[0m[33m────────────────────────────────────────────────────────────────────────────[0m[33m Task Started [0m[33m─────────────────────────────────────────────────────────────────────────────[0m[33m─╮[0m
[33m│[0m                                                                                                                                                                         [33m│[0m
[33m│[0m  [1;33m📋 Task: 7d4f7aaf-6a3c-40af-af47-e3182aa4427a[0m                                                                                                                          [33m│[0m
[33m│[0m  [37mStatus: [0m[2;33mExecuting Task...[0m                                                                                                                                              [33m│[0m
[33m│[0m                                                                                                                                                                         [33m│[0m
[33m╰─────────────────────────────────────────────────────────────────────────────────────────────────────────────────────────────────────────────────────────────────────────╯[0m


[35m╭─[0m[35m──────────────────────────────────────────────────────────────────────────[0m[35m 🤖 Agent Started [0m[35m───────────────────────────────────────────────────────────────────────────[0m[35m─╮[0m
[35m│[0m                                                                                                                                                                         [35m│[0m
[35m│[0m  [37mAgent: [0m[1;92mDeterministic Pattern Detection Specialist[0m                                                                                                                      [35m│[0m
[35m│[0m                                                                                                                                                                         [35m│[0m
[35m│[0m  [37mTask: [0m[92mDetect deterministic candlestick and chart patterns from cleaned OHLCV, then render chart and perform advisory-only vision review. Pass the bundle_file path [0m    [35m│[0m
[35m│[0m  [92mfrom market_data_task directly into the tools.[0m                                                                                                                         [35m│[0m
[35m│[0m                                                                                                                                                                         [35m│[0m
[35m│[0m                                                                                                                                                                         [35m│[0m
[35m╰─────────────────────────────────────────────────────────────────────────────────────────────────────────────────────────────────────────────────────────────────────────╯[0m

[35m╭─[0m[35m───────────────────────────────────────────────────────────────────────[0m[35m 🔧 Agent Tool Execution [0m[35m───────────────────────────────────────────────────────────────────────[0m[35m─╮[0m
[35m│[0m                                                                                                                                                                         [35m│[0m
[35m│[0m  [37mAgent: [0m[1;92mDeterministic Pattern Detection Specialist[0m                                                                                                                      [35m│[0m
[35m│[0m                                                                                                                                                                         [35m│[0m
[35m│[0m  [37mThought: [0m[92mI will begin by detecting the candlestick patterns from the provided OHLCV data using the specified bundle file.[0m                                              [35m│[0m
[35m│[0m                                                                                                                                                                         [35m│[0m
[35m│[0m  [37mUsing Tool: [0m[1;92mdetect_candlestick_patterns_tool[0m                                                                                                                           [35m│[0m
[35m│[0m                                                                                                                                                                         [35m│[0m
[35m╰─────────────────────────────────────────────────────────────────────────────────────────────────────────────────────────────────────────────────────────────────────────╯[0m
[34m╭─[0m[34m─────────────────────────────────────────────────────────────────────────────[0m[34m Tool Input [0m[34m──────────────────────────────────────────────────────────────────────────────[0m[34m─╮[0m
[34m│[0m                                                                                                                                                                         [34m│[0m
[34m│[0m  [38;2;230;219;116;49m"{\"ohlcv_json\": \"C:\\\\Users\\\\ADARSH NAIK\\\\Desktop\\\\signal_sync\\\\src\\\\signal_sync\\\\ta\\\\cache\\\\ITC.NS_bundle_20260604T164049Z.json\"}"[0m               [34m│[0m
[34m│[0m                                                                                                                                                                         [34m│[0m
[34m╰─────────────────────────────────────────────────────────────────────────────────────────────────────────────────────────────────────────────────────────────────────────╯[0m
[32m╭─[0m[32m─────────────────────────────────────────────────────────────────────────────[0m[32m Tool Output [0m[32m─────────────────────────────────────────────────────────────────────────────[0m[32m─╮[0m
[32m│[0m                                                                                                                                                                         [32m│[0m
[32m│[0m  [92m{"success": true, "candlestick_patterns": []}[0m                                                                                                                          [32m│[0m
[32m│[0m                                                                                                                                                                         [32m│[0m
[32m╰─────────────────────────────────────────────────────────────────────────────────────────────────────────────────────────────────────────────────────────────────────────╯[0m

[35m╭─[0m[35m───────────────────────────────────────────────────────────────────────[0m[35m 🔧 Agent Tool Execution [0m[35m───────────────────────────────────────────────────────────────────────[0m[35m─╮[0m
[35m│[0m                                                                                                                                                                         [35m│[0m
[35m│[0m  [37mAgent: [0m[1;92mDeterministic Pattern Detection Specialist[0m                                                                                                                      [35m│[0m
[35m│[0m                                                                                                                                                                         [35m│[0m
[35m│[0m  [37mThought: [0m[92mNext, I will detect the chart patterns from the same OHLCV data.[0m                                                                                              [35m│[0m
[35m│[0m                                                                                                                                                                         [35m│[0m
[35m│[0m  [37mUsing Tool: [0m[1;92mdetect_chart_patterns_tool[0m                                                                                                                                 [35m│[0m
[35m│[0m                                                                                                                                                                         [35m│[0m
[35m╰─────────────────────────────────────────────────────────────────────────────────────────────────────────────────────────────────────────────────────────────────────────╯[0m
[34m╭─[0m[34m─────────────────────────────────────────────────────────────────────────────[0m[34m Tool Input [0m[34m──────────────────────────────────────────────────────────────────────────────[0m[34m─╮[0m
[34m│[0m                                                                                                                                                                         [34m│[0m
[34m│[0m  [38;2;230;219;116;49m"{\"ohlcv_json\": \"C:\\\\Users\\\\ADARSH NAIK\\\\Desktop\\\\signal_sync\\\\src\\\\signal_sync\\\\ta\\\\cache\\\\ITC.NS_bundle_20260604T164049Z.json\"}"[0m               [34m│[0m
[34m│[0m                                                                                                                                                                         [34m│[0m
[34m╰─────────────────────────────────────────────────────────────────────────────────────────────────────────────────────────────────────────────────────────────────────────╯[0m
[32m╭─[0m[32m─────────────────────────────────────────────────────────────────────────────[0m[32m Tool Output [0m[32m─────────────────────────────────────────────────────────────────────────────[0m[32m─╮[0m
[32m│[0m                                                                                                                                                                         [32m│[0m
[32m│[0m  [92m{"success": true, "chart_patterns": []}[0m                                                                                                                                [32m│[0m
[32m│[0m                                                                                                                                                                         [32m│[0m
[32m╰─────────────────────────────────────────────────────────────────────────────────────────────────────────────────────────────────────────────────────────────────────────╯[0m

[35m╭─[0m[35m───────────────────────────────────────────────────────────────────────[0m[35m 🔧 Agent Tool Execution [0m[35m───────────────────────────────────────────────────────────────────────[0m[35m─╮[0m
[35m│[0m                                                                                                                                                                         [35m│[0m
[35m│[0m  [37mAgent: [0m[1;92mDeterministic Pattern Detection Specialist[0m                                                                                                                      [35m│[0m
[35m│[0m                                                                                                                                                                         [35m│[0m
[35m│[0m  [37mThought: [0m[92mI will render the chart using the OHLCV data for visual analysis.[0m                                                                                             [35m│[0m
[35m│[0m                                                                                                                                                                         [35m│[0m
[35m│[0m  [37mUsing Tool: [0m[1;92mrender_chart_tool[0m                                                                                                                                          [35m│[0m
[35m│[0m                                                                                                                                                                         [35m│[0m
[35m╰─────────────────────────────────────────────────────────────────────────────────────────────────────────────────────────────────────────────────────────────────────────╯[0m
[34m╭─[0m[34m─────────────────────────────────────────────────────────────────────────────[0m[34m Tool Input [0m[34m──────────────────────────────────────────────────────────────────────────────[0m[34m─╮[0m
[34m│[0m                                                                                                                                                                         [34m│[0m
[34m│[0m  [38;2;230;219;116;49m"{\"ohlcv_json\": \"C:\\\\Users\\\\ADARSH NAIK\\\\Desktop\\\\signal_sync\\\\src\\\\signal_sync\\\\ta\\\\cache\\\\ITC.NS_bundle_20260604T164049Z.json\", \"ticker\": \[0m  [34m│[0m
[34m│[0m                                                                                                                                                                         [34m│[0m
[34m╰─────────────────────────────────────────────────────────────────────────────────────────────────────────────────────────────────────────────────────────────────────────╯[0m
[32m╭─[0m[32m─────────────────────────────────────────────────────────────────────────────[0m[32m Tool Output [0m[32m─────────────────────────────────────────────────────────────────────────────[0m[32m─╮[0m
[32m│[0m                                                                                                                                                                         [32m│[0m
[32m│[0m  [92m{'success': True, 'chart_path': 'C:\\Users\\ADARSH NAIK\\Desktop\\signal_sync\\src\\signal_sync\\ta\\charts\\ITC.NS_20260604T164110Z.png', 'rows_rendered': 63, [0m       [32m│[0m
[32m│[0m  [92m'source_key': 'daily_ohlcv'}[0m                                                                                                                                           [32m│[0m
[32m│[0m                                                                                                                                                                         [32m│[0m
[32m│[0m                                                                                                                                                                         [32m│[0m
[32m│[0m  [92mYou ONLY have access to the following tools, and should NEVER make up tools that are not listed here:[0m                                                                  [32m│[0m
[32m│[0m                                                                                                                                                                         [32m│[0m
[32m│[0m  [92mTool Name: detect_candlestick_patterns_tool[0m                                                                                                                            [32m│[0m
[32m│[0m  [92mTool Arguments: {'ohlcv_json': {'description': 'JSON string or file path containing OHLCV list/object. Supports keys: ohlcv, daily_ohlcv, weekly_ohlcv.', 'type': [0m     [32m│[0m
[32m│[0m  [92m'str'}}[0m                                                                                                                                                                [32m│[0m
[32m│[0m  [92mTool Description: Detect deterministic candlestick patterns: doji, hammer, engulfing, shooting star.[0m                                                                   [32m│[0m
[32m│[0m  [92mTool Name: detect_chart_patterns_tool[0m                                                                                                                                  [32m│[0m
[32m│[0m  [92mTool Arguments: {'ohlcv_json': {'description': 'JSON string or file path containing OHLCV list/object. Supports keys: ohlcv, daily_ohlcv, weekly_ohlcv.', 'type': [0m     [32m│[0m
[32m│[0m  [92m'str'}}[0m                                                                                                                                                                [32m│[0m
[32m│[0m  [92mTool Description: Detect deterministic chart structures using local extrema: double top, double bottom, channel proxy.[0m                                                 [32m│[0m
[32m│[0m  [92mTool Name: render_chart_tool[0m                                                                                                                                           [32m│[0m
[32m│[0m  [92mTool Arguments: {'ohlcv_json': {'description': 'JSON string or file path containing OHLCV list/object. Supports bundle keys: ohlcv, daily_ohlcv, weekly_ohlcv.', [0m      [32m│[0m
[32m│[0m  [92m'type': 'str'}, 'ticker': {'description': 'Ticker symbol for chart title and filename.', 'type': 'str'}, 'include_rsi': {'description': 'Render optional RSI panel.',[0m  [32m│[0m
[32m│[0m  [92m'type': 'bool'}}[0m                                                                                                                                                       [32m│[0m
[32m│[0m  [92mTool Description: Render internal TA chart PNG (price-volume + EMA overlays, optional RSI).[0m                                                                            [32m│[0m
[32m│[0m  [92mTool Name: vision_review_tool[0m                                                                                                                                          [32m│[0m
[32m│[0m  [92mTool Arguments: {'chart_path': {'description': 'Absolute path to generated chart image file.', 'type': 'str'}, 'model': {'description': 'Vision-capable model name.',[0m  [32m│[0m
[32m│[0m  [92m'type': 'str'}}[0m                                                                                                                                                        [32m│[0m
[32m│[0m  [92mTool Description: Advisory visual review of generated chart. Deterministic tools remain source-of-truth.[0m                                                               [32m│[0m
[32m│[0m                                                                                                                                                                         [32m│[0m
[32m│[0m  [92mIMPORTANT: Use the following format in your response:[0m                                                                                                                  [32m│[0m
[32m│[0m                                                                                                                                                                         [32m│[0m
[32m│[0m  [92m```[0m                                                                                                                                                                    [32m│[0m
[32m│[0m  [92mThought: you should always think about what to do[0m                                                                                                                      [32m│[0m
[32m│[0m  [92mAction: the action to take, only one name of [detect_candlestick_patterns_tool, detect_chart_patterns_tool, render_chart_tool, vision_review_tool], just the name, [0m    [32m│[0m
[32m│[0m  [92mexactl...[0m                                                                                                                                                              [32m│[0m
[32m│[0m                                                                                                                                                                         [32m│[0m
[32m╰─────────────────────────────────────────────────────────────────────────────────────────────────────────────────────────────────────────────────────────────────────────╯[0m

[35m╭─[0m[35m───────────────────────────────────────────────────────────────────────[0m[35m 🔧 Agent Tool Execution [0m[35m───────────────────────────────────────────────────────────────────────[0m[35m─╮[0m
[35m│[0m                                                                                                                                                                         [35m│[0m
[35m│[0m  [37mAgent: [0m[1;92mDeterministic Pattern Detection Specialist[0m                                                                                                                      [35m│[0m
[35m│[0m                                                                                                                                                                         [35m│[0m
[35m│[0m  [37mThought: [0m[92mI will now perform an advisory visual review of the generated chart using the provided chart path.[0m                                                            [35m│[0m
[35m│[0m                                                                                                                                                                         [35m│[0m
[35m│[0m  [37mUsing Tool: [0m[1;92mvision_review_tool[0m                                                                                                                                         [35m│[0m
[35m│[0m                                                                                                                                                                         [35m│[0m
[35m╰─────────────────────────────────────────────────────────────────────────────────────────────────────────────────────────────────────────────────────────────────────────╯[0m
[34m╭─[0m[34m─────────────────────────────────────────────────────────────────────────────[0m[34m Tool Input [0m[34m──────────────────────────────────────────────────────────────────────────────[0m[34m─╮[0m
[34m│[0m                                                                                                                                                                         [34m│[0m
[34m│[0m  [38;2;230;219;116;49m"{\"chart_path\": \"C:\\\\Users\\\\ADARSH NAIK\\\\Desktop\\\\signal_sync\\\\src\\\\signal_sync\\\\ta\\\\charts\\\\ITC.NS_20260604T164110Z.png\", \"model\": \"vision_[0m  [34m│[0m
[34m│[0m                                                                                                                                                                         [34m│[0m
[34m╰─────────────────────────────────────────────────────────────────────────────────────────────────────────────────────────────────────────────────────────────────────────╯[0m
[32m╭─[0m[32m─────────────────────────────────────────────────────────────────────────────[0m[32m Tool Output [0m[32m─────────────────────────────────────────────────────────────────────────────[0m[32m─╮[0m
[32m│[0m                                                                                                                                                                         [32m│[0m
[32m│[0m  [92m{'success': True, 'visual_summary': 'The chart shows a recent downtrend with the price closing below the EMA20, EMA50, and EMA200, indicating bearish momentum. The [0m   [32m│[0m
[32m│[0m  [92mEMA20 has crossed below the EMA50, reinforcing the short-term bearish signal. Volume appears to spike during some down days, suggesting selling pressure. There is no[0m  [32m│[0m
[32m│[0m  [92mclear breakout yet, but the price is consolidating near recent lows, which could precede either a continuation of the downtrend or a reversal depending on upcoming [0m   [32m│[0m
[32m│[0m  [92mprice action.', 'confidence': 0.85, 'advisory_only': True, 'image_analysis_status': 'completed', 'chart_path': 'C:\\Users\\ADARSH [0m                                     [32m│[0m
[32m│[0m  [92mNAIK\\Desktop\\signal_sync\\src\\signal_sync\\ta\\charts\\ITC.NS_20260604T164110Z.png', 'model': 'gpt-4.1-mini', 'image_size': {'width': 1820, 'height': 1040}, [0m       [32m│[0m
[32m│[0m  [92m'reviewed_image_size': {'width': 1200, 'height': 686}}[0m                                                                                                                 [32m│[0m
[32m│[0m                                                                                                                                                                         [32m│[0m
[32m╰─────────────────────────────────────────────────────────────────────────────────────────────────────────────────────────────────────────────────────────────────────────╯[0m

[32m╭─[0m[32m────────────────────────────────────────────────────────────────────────[0m[32m ✅ Agent Final Answer [0m[32m────────────────────────────────────────────────────────────────────────[0m[32m─╮[0m
[32m│[0m                                                                                                                                                                         [32m│[0m
[32m│[0m  [37mAgent: [0m[1;92mDeterministic Pattern Detection Specialist[0m                                                                                                                      [32m│[0m
[32m│[0m                                                                                                                                                                         [32m│[0m
[32m│[0m  [37mFinal Answer:[0m                                                                                                                                                          [32m│[0m
[32m│[0m  [92m{[0m                                                                                                                                                                      [32m│[0m
[32m│[0m  [92m  "candlestick_patterns": [],[0m                                                                                                                                          [32m│[0m
[32m│[0m  [92m  "chart_patterns": [],[0m                                                                                                                                                [32m│[0m
[32m│[0m  [92m  "chart_path": "C:\\Users\\ADARSH NAIK\\Desktop\\signal_sync\\src\\signal_sync\\ta\\charts\\ITC.NS_20260604T164110Z.png",[0m                                             [32m│[0m
[32m│[0m  [92m  "visual_review": {[0m                                                                                                                                                   [32m│[0m
[32m│[0m  [92m    "summary": "The chart shows a recent downtrend with the price closing below the EMA20, EMA50, and EMA200, indicating bearish momentum. The EMA20 has crossed [0m      [32m│[0m
[32m│[0m  [92mbelow the EMA50, reinforcing the short-term bearish signal. Volume appears to spike during some down days, suggesting selling pressure. There is no clear breakout [0m    [32m│[0m
[32m│[0m  [92myet, but the price is consolidating near recent lows, which could precede either a continuation of the downtrend or a reversal depending on upcoming price action.",[0m   [32m│[0m
[32m│[0m  [92m    "confidence": 0.85,[0m                                                                                                                                                [32m│[0m
[32m│[0m  [92m    "image_analysis_status": "completed",[0m                                                                                                                              [32m│[0m
[32m│[0m  [92m    "image_size": {[0m                                                                                                                                                    [32m│[0m
[32m│[0m  [92m      "width": 1820,[0m                                                                                                                                                   [32m│[0m
[32m│[0m  [92m      "height": 1040[0m                                                                                                                                                   [32m│[0m
[32m│[0m  [92m    },[0m                                                                                                                                                                 [32m│[0m
[32m│[0m  [92m    "reviewed_image_size": {[0m                                                                                                                                           [32m│[0m
[32m│[0m  [92m      "width": 1200,[0m                                                                                                                                                   [32m│[0m
[32m│[0m  [92m      "height": 686[0m                                                                                                                                                    [32m│[0m
[32m│[0m  [92m    }[0m                                                                                                                                                                  [32m│[0m
[32m│[0m  [92m  }[0m                                                                                                                                                                    [32m│[0m
[32m│[0m  [92m}[0m                                                                                                                                                                      [32m│[0m
[32m│[0m                                                                                                                                                                         [32m│[0m
[32m╰─────────────────────────────────────────────────────────────────────────────────────────────────────────────────────────────────────────────────────────────────────────╯[0m

[33m╭─[0m[33m────────────────────────────────────────────────────────────────────────────[0m[33m Task Started [0m[33m─────────────────────────────────────────────────────────────────────────────[0m[33m─╮[0m
[33m│[0m                                                                                                                                                                         [33m│[0m
[33m│[0m  [1;33m📋 Task: 7742326f-aa05-4589-bec4-64d5cdef1e67[0m                                                                                                                          [33m│[0m
[33m│[0m  [37mStatus: [0m[2;33mExecuting Task...[0m                                                                                                                                              [33m│[0m
[33m│[0m                                                                                                                                                                         [33m│[0m
[33m╰─────────────────────────────────────────────────────────────────────────────────────────────────────────────────────────────────────────────────────────────────────────╯[0m


[35m╭─[0m[35m──────────────────────────────────────────────────────────────────────────[0m[35m 🤖 Agent Started [0m[35m───────────────────────────────────────────────────────────────────────────[0m[35m─╮[0m
[35m│[0m                                                                                                                                                                         [35m│[0m
[35m│[0m  [37mAgent: [0m[1;92mSupport and Resistance Structure Specialist[0m                                                                                                                     [35m│[0m
[35m│[0m                                                                                                                                                                         [35m│[0m
[35m│[0m  [37mTask: [0m[92mBuild support and resistance zones by combining swings, clustered levels, volume zones, and dynamic EMA levels with weighted confidence. Pass the bundle_file [0m   [35m│[0m
[35m│[0m  [92mpath from market_data_task directly into the tools.[0m                                                                                                                    [35m│[0m
[35m│[0m                                                                                                                                                                         [35m│[0m
[35m│[0m                                                                                                                                                                         [35m│[0m
[35m╰─────────────────────────────────────────────────────────────────────────────────────────────────────────────────────────────────────────────────────────────────────────╯[0m

[35m╭─[0m[35m───────────────────────────────────────────────────────────────────────[0m[35m 🔧 Agent Tool Execution [0m[35m───────────────────────────────────────────────────────────────────────[0m[35m─╮[0m
[35m│[0m                                                                                                                                                                         [35m│[0m
[35m│[0m  [37mAgent: [0m[1;92mSupport and Resistance Structure Specialist[0m                                                                                                                     [35m│[0m
[35m│[0m                                                                                                                                                                         [35m│[0m
[35m│[0m  [37mThought: [0m[92mThought: I will first identify the swing highs and lows from the provided OHLCV data to establish the foundational levels for support and resistance.[0m         [35m│[0m
[35m│[0m                                                                                                                                                                         [35m│[0m
[35m│[0m  [37mUsing Tool: [0m[1;92mfind_swings_tool[0m                                                                                                                                           [35m│[0m
[35m│[0m                                                                                                                                                                         [35m│[0m
[35m╰─────────────────────────────────────────────────────────────────────────────────────────────────────────────────────────────────────────────────────────────────────────╯[0m
[34m╭─[0m[34m─────────────────────────────────────────────────────────────────────────────[0m[34m Tool Input [0m[34m──────────────────────────────────────────────────────────────────────────────[0m[34m─╮[0m
[34m│[0m                                                                                                                                                                         [34m│[0m
[34m│[0m  [38;2;230;219;116;49m"{\"ohlcv_json\": \"C:\\\\Users\\\\ADARSH NAIK\\\\Desktop\\\\signal_sync\\\\src\\\\signal_sync\\\\ta\\\\cache\\\\ITC.NS_bundle_20260604T164049Z.json\"}"[0m               [34m│[0m
[34m│[0m                                                                                                                                                                         [34m│[0m
[34m╰─────────────────────────────────────────────────────────────────────────────────────────────────────────────────────────────────────────────────────────────────────────╯[0m
[32m╭─[0m[32m─────────────────────────────────────────────────────────────────────────────[0m[32m Tool Output [0m[32m─────────────────────────────────────────────────────────────────────────────[0m[32m─╮[0m
[32m│[0m                                                                                                                                                                         [32m│[0m
[32m│[0m  [92m{'success': True, 'swing_highs': [300.8537, 296.1811, 301.4378, 307.8628, 302.0706, 283.25], 'swing_lows': [297.8846, 280.07, 290.7296, 293.6013, 292.7252, 277.0]}[0m    [32m│[0m
[32m│[0m                                                                                                                                                                         [32m│[0m
[32m╰─────────────────────────────────────────────────────────────────────────────────────────────────────────────────────────────────────────────────────────────────────────╯[0m

[35m╭─[0m[35m───────────────────────────────────────────────────────────────────────[0m[35m 🔧 Agent Tool Execution [0m[35m───────────────────────────────────────────────────────────────────────[0m[35m─╮[0m
[35m│[0m                                                                                                                                                                         [35m│[0m
[35m│[0m  [37mAgent: [0m[1;92mSupport and Resistance Structure Specialist[0m                                                                                                                     [35m│[0m
[35m│[0m                                                                                                                                                                         [35m│[0m
[35m│[0m  [37mThought: [0m[92mThought: Now that I have identified the swing highs and lows, I will cluster these levels to form support and resistance zones.[0m                               [35m│[0m
[35m│[0m                                                                                                                                                                         [35m│[0m
[35m│[0m  [37mUsing Tool: [0m[1;92mcluster_levels_tool[0m                                                                                                                                        [35m│[0m
[35m│[0m                                                                                                                                                                         [35m│[0m
[35m╰─────────────────────────────────────────────────────────────────────────────────────────────────────────────────────────────────────────────────────────────────────────╯[0m
[34m╭─[0m[34m─────────────────────────────────────────────────────────────────────────────[0m[34m Tool Input [0m[34m──────────────────────────────────────────────────────────────────────────────[0m[34m─╮[0m
[34m│[0m                                                                                                                                                                         [34m│[0m
[34m│[0m  [38;2;230;219;116;49m"{\"levels_json\": \"{\\\"swing_highs\\\":[300.8537, 296.1811, 301.4378, 307.8628, 302.0706, 283.25], \\\"swing_lows\\\":[297.8846, 280.07, 290.7296, 293.6013, 292.7[0m  [34m│[0m
[34m│[0m                                                                                                                                                                         [34m│[0m
[34m╰─────────────────────────────────────────────────────────────────────────────────────────────────────────────────────────────────────────────────────────────────────────╯[0m
[32m╭─[0m[32m─────────────────────────────────────────────────────────────────────────────[0m[32m Tool Output [0m[32m─────────────────────────────────────────────────────────────────────────────[0m[32m─╮[0m
[32m│[0m                                                                                                                                                                         [32m│[0m
[32m│[0m  [92m{'success': True, 'clusters': [298.6093]}[0m                                                                                                                              [32m│[0m
[32m│[0m                                                                                                                                                                         [32m│[0m
[32m╰─────────────────────────────────────────────────────────────────────────────────────────────────────────────────────────────────────────────────────────────────────────╯[0m

[35m╭─[0m[35m───────────────────────────────────────────────────────────────────────[0m[35m 🔧 Agent Tool Execution [0m[35m───────────────────────────────────────────────────────────────────────[0m[35m─╮[0m
[35m│[0m                                                                                                                                                                         [35m│[0m
[35m│[0m  [37mAgent: [0m[1;92mSupport and Resistance Structure Specialist[0m                                                                                                                     [35m│[0m
[35m│[0m                                                                                                                                                                         [35m│[0m
[35m│[0m  [37mThought: [0m[92mThought: I will now identify high-participation price zones using volume concentration from the OHLCV data to strengthen the support and resistance zones [0m    [35m│[0m
[35m│[0m  [92mestablished from swings and clusters.[0m                                                                                                                                  [35m│[0m
[35m│[0m                                                                                                                                                                         [35m│[0m
[35m│[0m  [37mUsing Tool: [0m[1;92mvolume_zone_tool[0m                                                                                                                                           [35m│[0m
[35m│[0m                                                                                                                                                                         [35m│[0m
[35m╰─────────────────────────────────────────────────────────────────────────────────────────────────────────────────────────────────────────────────────────────────────────╯[0m
[34m╭─[0m[34m─────────────────────────────────────────────────────────────────────────────[0m[34m Tool Input [0m[34m──────────────────────────────────────────────────────────────────────────────[0m[34m─╮[0m
[34m│[0m                                                                                                                                                                         [34m│[0m
[34m│[0m  [38;2;230;219;116;49m"{\"ohlcv_json\": \"C:\\\\Users\\\\ADARSH NAIK\\\\Desktop\\\\signal_sync\\\\src\\\\signal_sync\\\\ta\\\\cache\\\\ITC.NS_bundle_20260604T164049Z.json\"}"[0m               [34m│[0m
[34m│[0m                                                                                                                                                                         [34m│[0m
[34m╰─────────────────────────────────────────────────────────────────────────────────────────────────────────────────────────────────────────────────────────────────────────╯[0m
[32m╭─[0m[32m─────────────────────────────────────────────────────────────────────────────[0m[32m Tool Output [0m[32m─────────────────────────────────────────────────────────────────────────────[0m[32m─╮[0m
[32m│[0m                                                                                                                                                                         [32m│[0m
[32m│[0m  [92m{'success': True, 'volume_zones': [{'zone_low': 296.2892, 'zone_high': 300.1471, 'volume_weight': 290529977.0}, {'zone_low': 292.4314, 'zone_high': 296.2892, [0m         [32m│[0m
[32m│[0m  [92m'volume_weight': 290050686.0}, {'zone_low': 300.1471, 'zone_high': 304.0049, 'volume_weight': 234224260.0}]}[0m                                                           [32m│[0m
[32m│[0m                                                                                                                                                                         [32m│[0m
[32m│[0m                                                                                                                                                                         [32m│[0m
[32m│[0m  [92mYou ONLY have access to the following tools, and should NEVER make up tools that are not listed here:[0m                                                                  [32m│[0m
[32m│[0m                                                                                                                                                                         [32m│[0m
[32m│[0m  [92mTool Name: find_swings_tool[0m                                                                                                                                            [32m│[0m
[32m│[0m  [92mTool Arguments: {'ohlcv_json': {'description': 'JSON string or file path containing OHLCV list/object. Supports keys: ohlcv, daily_ohlcv, weekly_ohlcv.', 'type': [0m     [32m│[0m
[32m│[0m  [92m'str'}}[0m                                                                                                                                                                [32m│[0m
[32m│[0m  [92mTool Description: Detect swing highs/lows using scipy find_peaks with prominence and distance.[0m                                                                         [32m│[0m
[32m│[0m  [92mTool Name: cluster_levels_tool[0m                                                                                                                                         [32m│[0m
[32m│[0m  [92mTool Arguments: {'levels_json': {'description': 'JSON list of numeric levels or object containing levels list.', 'type': 'str'}, 'threshold_pct': {'description': [0m     [32m│[0m
[32m│[0m  [92m'Cluster threshold as % of level, default 0.5%.', 'type': 'float'}}[0m                                                                                                    [32m│[0m
[32m│[0m  [92mTool Description: Merge nearby levels into support/resistance zones using threshold clustering.[0m                                                                        [32m│[0m
[32m│[0m  [92mTool Name: volume_zone_tool[0m                                                                                                                                            [32m│[0m
[32m│[0m  [92mTool Arguments: {'ohlcv_json': {'description': 'JSON string or file path containing OHLCV list/object. Supports keys: ohlcv, daily_ohlcv, weekly_ohlcv.', 'type': [0m     [32m│[0m
[32m│[0m  [92m'str'}}[0m                                                                                                                                                                [32m│[0m
[32m│[0m  [92mTool Description: Identify high-participation price zones using volume concentration bins.[0m                                                                             [32m│[0m
[32m│[0m  [92mTool Name: dynamic_sr_tool[0m                                                                                                                                             [32m│[0m
[32m│[0m  [92mTool Arguments: {'ohlcv_json': {'description': 'JSON string or file path containing OHLCV list/object. Supports keys: ohlcv, daily_ohlcv, weekly_ohlcv.', 'type': [0m     [32m│[0m
[32m│[0m  [92m'str'}}[0m                                                                                                                                                                [32m│[0m
[32m│[0m  [92mTool Description: Use EMA50/100/200 as dynamic support/resistance context.[0m                                                                                             [32m│[0m
[32m│[0m                                                                                                                                                                         [32m│[0m
[32m│[0m  [92mIMPORTANT: Use the following format in your response:[0m                                                                                                                  [32m│[0m
[32m│[0m                                                                                                                                                                         [32m│[0m
[32m│[0m  [92m```[0m                                                                                                                                                                    [32m│[0m
[32m│[0m  [92mThought: you should always think about what to do[0m                                                                                                                      [32m│[0m
[32m│[0m  [92mAction: the action to take, only one name of [find_swings_tool, cluster_levels_tool, volume_zone_tool, dynamic_sr_tool], just the name, exactly as it's written.[0m       [32m│[0m
[32m│[0m  [92mAction Input: the input to the action, just a simple JSON object, enclosed in curly braces, using " to wrap keys and values.[0m                                           [32m│[0m
[32m│[0m  [92mObservation: the r...[0m                                                                                                                                                  [32m│[0m
[32m│[0m                                                                                                                                                                         [32m│[0m
[32m╰─────────────────────────────────────────────────────────────────────────────────────────────────────────────────────────────────────────────────────────────────────────╯[0m

[35m╭─[0m[35m───────────────────────────────────────────────────────────────────────[0m[35m 🔧 Agent Tool Execution [0m[35m───────────────────────────────────────────────────────────────────────[0m[35m─╮[0m
[35m│[0m                                                                                                                                                                         [35m│[0m
[35m│[0m  [37mAgent: [0m[1;92mSupport and Resistance Structure Specialist[0m                                                                                                                     [35m│[0m
[35m│[0m                                                                                                                                                                         [35m│[0m
[35m│[0m  [37mThought: [0m[92mThought: Now, I will use dynamic EMA levels to establish additional support and resistance context. This will further enhance the accuracy of the support [0m    [35m│[0m
[35m│[0m  [92mand resistance zones.[0m                                                                                                                                                  [35m│[0m
[35m│[0m                                                                                                                                                                         [35m│[0m
[35m│[0m  [37mUsing Tool: [0m[1;92mdynamic_sr_tool[0m                                                                                                                                            [35m│[0m
[35m│[0m                                                                                                                                                                         [35m│[0m
[35m╰─────────────────────────────────────────────────────────────────────────────────────────────────────────────────────────────────────────────────────────────────────────╯[0m
[34m╭─[0m[34m─────────────────────────────────────────────────────────────────────────────[0m[34m Tool Input [0m[34m──────────────────────────────────────────────────────────────────────────────[0m[34m─╮[0m
[34m│[0m                                                                                                                                                                         [34m│[0m
[34m│[0m  [38;2;230;219;116;49m"{\"ohlcv_json\": \"C:\\\\Users\\\\ADARSH NAIK\\\\Desktop\\\\signal_sync\\\\src\\\\signal_sync\\\\ta\\\\cache\\\\ITC.NS_bundle_20260604T164049Z.json\"}"[0m               [34m│[0m
[34m│[0m                                                                                                                                                                         [34m│[0m
[34m╰─────────────────────────────────────────────────────────────────────────────────────────────────────────────────────────────────────────────────────────────────────────╯[0m
[32m╭─[0m[32m─────────────────────────────────────────────────────────────────────────────[0m[32m Tool Output [0m[32m─────────────────────────────────────────────────────────────────────────────[0m[32m─╮[0m
[32m│[0m                                                                                                                                                                         [32m│[0m
[32m│[0m  [92m{'success': True, 'close': 280.3, 'ema_levels': {'ema50': 294.5821, 'ema100': 297.0772, 'ema200': 299.477}, 'dynamic_support': [], 'dynamic_resistance': [294.5821, [0m   [32m│[0m
[32m│[0m  [92m297.0772, 299.477]}[0m                                                                                                                                                    [32m│[0m
[32m│[0m                                                                                                                                                                         [32m│[0m
[32m╰─────────────────────────────────────────────────────────────────────────────────────────────────────────────────────────────────────────────────────────────────────────╯[0m

[32m╭─[0m[32m────────────────────────────────────────────────────────────────────────[0m[32m ✅ Agent Final Answer [0m[32m────────────────────────────────────────────────────────────────────────[0m[32m─╮[0m
[32m│[0m                                                                                                                                                                         [32m│[0m
[32m│[0m  [37mAgent: [0m[1;92mSupport and Resistance Structure Specialist[0m                                                                                                                     [32m│[0m
[32m│[0m                                                                                                                                                                         [32m│[0m
[32m│[0m  [37mFinal Answer:[0m                                                                                                                                                          [32m│[0m
[32m│[0m  [92m{[0m                                                                                                                                                                      [32m│[0m
[32m│[0m  [92m  "support_zones": [[0m                                                                                                                                                   [32m│[0m
[32m│[0m  [92m    {"zone_low": 277.0, "zone_high": 284.25, "confidence": 0.8},[0m                                                                                                       [32m│[0m
[32m│[0m  [92m    {"zone_low": 290.7296, "zone_high": 292.7252, "confidence": 0.7}[0m                                                                                                   [32m│[0m
[32m│[0m  [92m  ],[0m                                                                                                                                                                   [32m│[0m
[32m│[0m  [92m  "resistance_zones": [[0m                                                                                                                                                [32m│[0m
[32m│[0m  [92m    {"zone_low": 294.5821, "zone_high": 299.477, "confidence": 0.9},[0m                                                                                                   [32m│[0m
[32m│[0m  [92m    {"zone_low": 300.1471, "zone_high": 302.0706, "confidence": 0.8}[0m                                                                                                   [32m│[0m
[32m│[0m  [92m  ],[0m                                                                                                                                                                   [32m│[0m
[32m│[0m  [92m  "evidence_by_layer": {[0m                                                                                                                                               [32m│[0m
[32m│[0m  [92m    "swing_levels": {[0m                                                                                                                                                  [32m│[0m
[32m│[0m  [92m      "highs": [300.8537, 296.1811, 301.4378, 307.8628, 302.0706, 283.25],[0m                                                                                             [32m│[0m
[32m│[0m  [92m      "lows": [297.8846, 280.07, 290.7296, 293.6013, 292.7252, 277.0][0m                                                                                                  [32m│[0m
[32m│[0m  [92m    },[0m                                                                                                                                                                 [32m│[0m
[32m│[0m  [92m    "clustered_levels": [298.6093],[0m                                                                                                                                    [32m│[0m
[32m│[0m  [92m    "volume_zones": [[0m                                                                                                                                                  [32m│[0m
[32m│[0m  [92m      {"zone_low": 296.2892, "zone_high": 300.1471, "volume_weight": 290529977.0},[0m                                                                                     [32m│[0m
[32m│[0m  [92m      {"zone_low": 292.4314, "zone_high": 296.2892, "volume_weight": 290050686.0},[0m                                                                                     [32m│[0m
[32m│[0m  [92m      {"zone_low": 300.1471, "zone_high": 304.0049, "volume_weight": 234224260.0}[0m                                                                                      [32m│[0m
[32m│[0m  [92m    ],[0m                                                                                                                                                                 [32m│[0m
[32m│[0m  [92m    "dynamic_levels": {[0m                                                                                                                                                [32m│[0m
[32m│[0m  [92m      "ema50": 294.5821,[0m                                                                                                                                               [32m│[0m
[32m│[0m  [92m      "ema100": 297.0772,[0m                                                                                                                                              [32m│[0m
[32m│[0m  [92m      "ema200": 299.477[0m                                                                                                                                                [32m│[0m
[32m│[0m  [92m    }[0m                                                                                                                                                                  [32m│[0m
[32m│[0m  [92m  },[0m                                                                                                                                                                   [32m│[0m
[32m│[0m  [92m  "confidence_scores": {[0m                                                                                                                                               [32m│[0m
[32m│[0m  [92m    "swing_levels": 0.6,[0m                                                                                                                                               [32m│[0m
[32m│[0m  [92m    "clustered_levels": 0.7,[0m                                                                                                                                           [32m│[0m
[32m│[0m  [92m    "volume_zones": 0.8,[0m                                                                                                                                               [32m│[0m
[32m│[0m  [92m    "dynamic_levels": 0.9[0m                                                                                                                                              [32m│[0m
[32m│[0m  [92m  }[0m                                                                                                                                                                    [32m│[0m
[32m│[0m  [92m}[0m                                                                                                                                                                      [32m│[0m
[32m│[0m                                                                                                                                                                         [32m│[0m
[32m╰─────────────────────────────────────────────────────────────────────────────────────────────────────────────────────────────────────────────────────────────────────────╯[0m

[33m╭─[0m[33m────────────────────────────────────────────────────────────────────────────[0m[33m Task Started [0m[33m─────────────────────────────────────────────────────────────────────────────[0m[33m─╮[0m
[33m│[0m                                                                                                                                                                         [33m│[0m
[33m│[0m  [1;33m📋 Task: eda17356-906c-4856-858f-4e63afda9da7[0m                                                                                                                          [33m│[0m
[33m│[0m  [37mStatus: [0m[2;33mExecuting Task...[0m                                                                                                                                              [33m│[0m
[33m│[0m                                                                                                                                                                         [33m│[0m
[33m╰─────────────────────────────────────────────────────────────────────────────────────────────────────────────────────────────────────────────────────────────────────────╯[0m


[35m╭─[0m[35m──────────────────────────────────────────────────────────────────────────[0m[35m 🤖 Agent Started [0m[35m───────────────────────────────────────────────────────────────────────────[0m[35m─╮[0m
[35m│[0m                                                                                                                                                                         [35m│[0m
[35m│[0m  [37mAgent: [0m[1;92mTechnical Thesis and Signal Reasoning Specialist[0m                                                                                                                [35m│[0m
[35m│[0m                                                                                                                                                                         [35m│[0m
[35m│[0m  [37mTask: [0m[92mSynthesize indicators, patterns, support/resistance, and visual advisory into technical stance, confidence, and thesis for medium/long term.[0m                     [35m│[0m
[35m│[0m                                                                                                                                                                         [35m│[0m
[35m│[0m                                                                                                                                                                         [35m│[0m
[35m╰─────────────────────────────────────────────────────────────────────────────────────────────────────────────────────────────────────────────────────────────────────────╯[0m

[32m╭─[0m[32m────────────────────────────────────────────────────────────────────────[0m[32m ✅ Agent Final Answer [0m[32m────────────────────────────────────────────────────────────────────────[0m[32m─╮[0m
[32m│[0m                                                                                                                                                                         [32m│[0m
[32m│[0m  [37mAgent: [0m[1;92mTechnical Thesis and Signal Reasoning Specialist[0m                                                                                                                [32m│[0m
[32m│[0m                                                                                                                                                                         [32m│[0m
[32m│[0m  [37mFinal Answer:[0m                                                                                                                                                          [32m│[0m
[32m│[0m  [92m{[0m                                                                                                                                                                      [32m│[0m
[32m│[0m  [92m  "stance": "bearish",[0m                                                                                                                                                 [32m│[0m
[32m│[0m  [92m  "confidence": 0.85,[0m                                                                                                                                                  [32m│[0m
[32m│[0m  [92m  "thesis": "The current technical indicators, including moving averages and momentum signals, indicate a strong bearish outlook. Price action remains below key [0m      [32m│[0m
[32m│[0m  [92mmoving averages such as EMA20, EMA50, and EMA200, signifying a sustained downtrend. Furthermore, the RSI indicates oversold conditions, and MACD is in negative [0m       [32m│[0m
[32m│[0m  [92mterritory, reinforcing bearish momentum. Although there are support zones at 277.0-284.25 and 290.7296-292.7252, these levels are under pressure given the current [0m    [32m│[0m
[32m│[0m  [92mmarket context. The overall price action suggests a potential continuation of this downtrend unless significant bullish reversal signals are observed.",[0m               [32m│[0m
[32m│[0m  [92m  "key_supporting_evidence": {[0m                                                                                                                                         [32m│[0m
[32m│[0m  [92m    "trend": {[0m                                                                                                                                                         [32m│[0m
[32m│[0m  [92m      "sma20": 293.1969,[0m                                                                                                                                               [32m│[0m
[32m│[0m  [92m      "sma50": 294.0684,[0m                                                                                                                                               [32m│[0m
[32m│[0m  [92m      "ema20": 290.7126,[0m                                                                                                                                               [32m│[0m
[32m│[0m  [92m      "ema50": 294.5821,[0m                                                                                                                                               [32m│[0m
[32m│[0m  [92m      "ema100": 297.0772,[0m                                                                                                                                              [32m│[0m
[32m│[0m  [92m      "ema200": 299.477[0m                                                                                                                                                [32m│[0m
[32m│[0m  [92m    },[0m                                                                                                                                                                 [32m│[0m
[32m│[0m  [92m    "momentum": {[0m                                                                                                                                                      [32m│[0m
[32m│[0m  [92m      "rsi14": 24.9196,[0m                                                                                                                                                [32m│[0m
[32m│[0m  [92m      "macd": -4.556,[0m                                                                                                                                                  [32m│[0m
[32m│[0m  [92m      "macd_signal": -2.4365,[0m                                                                                                                                          [32m│[0m
[32m│[0m  [92m      "macd_histogram": -2.1195[0m                                                                                                                                        [32m│[0m
[32m│[0m  [92m    },[0m                                                                                                                                                                 [32m│[0m
[32m│[0m  [92m    "volatility": {[0m                                                                                                                                                    [32m│[0m
[32m│[0m  [92m      "atr14": 5.4793,[0m                                                                                                                                                 [32m│[0m
[32m│[0m  [92m      "bb_upper20": 308.8697,[0m                                                                                                                                          [32m│[0m
[32m│[0m  [92m      "bb_lower20": 277.5242[0m                                                                                                                                           [32m│[0m
[32m│[0m  [92m    },[0m                                                                                                                                                                 [32m│[0m
[32m│[0m  [92m    "volume": {[0m                                                                                                                                                        [32m│[0m
[32m│[0m  [92m      "obv": 20893767.0[0m                                                                                                                                                [32m│[0m
[32m│[0m  [92m    },[0m                                                                                                                                                                 [32m│[0m
[32m│[0m  [92m    "visual_review": {[0m                                                                                                                                                 [32m│[0m
[32m│[0m  [92m      "summary": "The chart shows a recent downtrend with the price closing below key moving averages, indicating bearish momentum. The EMA20 has crossed below the [0m   [32m│[0m
[32m│[0m  [92mEMA50, reinforcing the short-term bearish signal.",[0m                                                                                                                    [32m│[0m
[32m│[0m  [92m      "confidence": 0.85[0m                                                                                                                                               [32m│[0m
[32m│[0m  [92m    },[0m                                                                                                                                                                 [32m│[0m
[32m│[0m  [92m    "support_zones": [[0m                                                                                                                                                 [32m│[0m
[32m│[0m  [92m      {"zone_low": 277.0, "zone_high": 284.25, "confidence": 0.8},[0m                                                                                                     [32m│[0m
[32m│[0m  [92m      {"zone_low": 290.7296, "zone_high": 292.7252, "confidence": 0.7}[0m                                                                                                 [32m│[0m
[32m│[0m  [92m    ],[0m                                                                                                                                                                 [32m│[0m
[32m│[0m  [92m    "resistance_zones": [[0m                                                                                                                                              [32m│[0m
[32m│[0m  [92m      {"zone_low": 294.5821, "zone_high": 299.477, "confidence": 0.9},[0m                                                                                                 [32m│[0m
[32m│[0m  [92m      {"zone_low": 300.1471, "zone_high": 302.0706, "confidence": 0.8}[0m                                                                                                 [32m│[0m
[32m│[0m  [92m    ],[0m                                                                                                                                                                 [32m│[0m
[32m│[0m  [92m    "dynamic_levels": {[0m                                                                                                                                                [32m│[0m
[32m│[0m  [92m      "ema50": 294.5821,[0m                                                                                                                                               [32m│[0m
[32m│[0m  [92m      "ema100": 297.0772,[0m                                                                                                                                              [32m│[0m
[32m│[0m  [92m      "ema200": 299.477[0m                                                                                                                                                [32m│[0m
[32m│[0m  [92m    }[0m                                                                                                                                                                  [32m│[0m
[32m│[0m  [92m  }[0m                                                                                                                                                                    [32m│[0m
[32m│[0m  [92m}[0m                                                                                                                                                                      [32m│[0m
[32m│[0m                                                                                                                                                                         [32m│[0m
[32m╰─────────────────────────────────────────────────────────────────────────────────────────────────────────────────────────────────────────────────────────────────────────╯[0m

[33m╭─[0m[33m────────────────────────────────────────────────────────────────────────────[0m[33m Task Started [0m[33m─────────────────────────────────────────────────────────────────────────────[0m[33m─╮[0m
[33m│[0m                                                                                                                                                                         [33m│[0m
[33m│[0m  [1;33m📋 Task: ea2fd34b-addf-47d0-a0a1-ec23c9227c25[0m                                                                                                                          [33m│[0m
[33m│[0m  [37mStatus: [0m[2;33mExecuting Task...[0m                                                                                                                                              [33m│[0m
[33m│[0m                                                                                                                                                                         [33m│[0m
[33m╰─────────────────────────────────────────────────────────────────────────────────────────────────────────────────────────────────────────────────────────────────────────╯[0m


[35m╭─[0m[35m──────────────────────────────────────────────────────────────────────────[0m[35m 🤖 Agent Started [0m[35m───────────────────────────────────────────────────────────────────────────[0m[35m─╮[0m
[35m│[0m                                                                                                                                                                         [35m│[0m
[35m│[0m  [37mAgent: [0m[1;92mTechnical Analysis Explainer[0m                                                                                                                                    [35m│[0m
[35m│[0m                                                                                                                                                                         [35m│[0m
[35m│[0m  [37mTask: [0m[92mExplain the analysis in human-readable terms with no hype and no guarantees. Make every uncertainty note specific to the current ticker and grounded in the [0m     [35m│[0m
[35m│[0m  [92msupplied JSON values. Reference concrete indicator values, support/resistance levels, or pattern names instead of generic market filler. Include clear invalidation [0m   [35m│[0m
[35m│[0m  [92mpoints and what to monitor next.[0m                                                                                                                                       [35m│[0m
[35m│[0m                                                                                                                                                                         [35m│[0m
[35m│[0m                                                                                                                                                                         [35m│[0m
[35m╰─────────────────────────────────────────────────────────────────────────────────────────────────────────────────────────────────────────────────────────────────────────╯[0m

[32m╭─[0m[32m────────────────────────────────────────────────────────────────────────[0m[32m ✅ Agent Final Answer [0m[32m────────────────────────────────────────────────────────────────────────[0m[32m─╮[0m
[32m│[0m                                                                                                                                                                         [32m│[0m
[32m│[0m  [37mAgent: [0m[1;92mTechnical Analysis Explainer[0m                                                                                                                                    [32m│[0m
[32m│[0m                                                                                                                                                                         [32m│[0m
[32m│[0m  [37mFinal Answer:[0m                                                                                                                                                          [32m│[0m
[32m│[0m  [92m{[0m                                                                                                                                                                      [32m│[0m
[32m│[0m  [92m  "summary": {[0m                                                                                                                                                         [32m│[0m
[32m│[0m  [92m    "stance": "bearish",[0m                                                                                                                                               [32m│[0m
[32m│[0m  [92m    "confidence": 0.85,[0m                                                                                                                                                [32m│[0m
[32m│[0m  [92m    "thesis": "The technical indicators and price action suggest a strong bearish outlook, with key moving averages indicating a sustained downtrend."[0m                 [32m│[0m
[32m│[0m  [92m  },[0m                                                                                                                                                                   [32m│[0m
[32m│[0m  [92m  "indicator_explanation": {[0m                                                                                                                                           [32m│[0m
[32m│[0m  [92m    "moving_averages": "The price remains below critical moving averages: the EMA20 at 290.7126, EMA50 at 294.5821, and EMA200 at 299.477. This indicates that the [0m    [32m│[0m
[32m│[0m  [92mrecent price action is trending downward.",[0m                                                                                                                            [32m│[0m
[32m│[0m  [92m    "momentum_signals": "Current momentum indicators show that the RSI is at 24.9196, suggesting oversold conditions, while the MACD is at -4.556, which confirms [0m     [32m│[0m
[32m│[0m  [92mnegative momentum."[0m                                                                                                                                                    [32m│[0m
[32m│[0m  [92m  },[0m                                                                                                                                                                   [32m│[0m
[32m│[0m  [92m  "pattern_explanation": {[0m                                                                                                                                             [32m│[0m
[32m│[0m  [92m    "overall_trend": "The chart shows a clear downtrend characterized by the EMA20 crossing below the EMA50. This crossover is a strong bearish signal and indicates [0m  [32m│[0m
[32m│[0m  [92mthat sellers are exerting control over the market."[0m                                                                                                                    [32m│[0m
[32m│[0m  [92m  },[0m                                                                                                                                                                   [32m│[0m
[32m│[0m  [92m  "sr_explanation": {[0m                                                                                                                                                  [32m│[0m
[32m│[0m  [92m    "support_levels": "There are key support zones located between 277.0-284.25 (80% confidence) and 290.7296-292.7252 (70% confidence). However, these supports are [0m  [32m│[0m
[32m│[0m  [92mat risk of being tested further due to the bearish sentiment.",[0m                                                                                                        [32m│[0m
[32m│[0m  [92m    "resistance_levels": "Resistance is strong at levels between 294.5821 (EMA50) and 299.477 (EMA200), which pose significant hurdles for any upward movements."[0m      [32m│[0m
[32m│[0m  [92m  },[0m                                                                                                                                                                   [32m│[0m
[32m│[0m  [92m  "uncertainty_notes": [[0m                                                                                                                                               [32m│[0m
[32m│[0m  [92m    "While the RSI indicates oversold conditions at 24.9196, there is the potential for a short-term rebound, though this is contingent on the occurrence of bullish [0m  [32m│[0m
[32m│[0m  [92mreversal signals.",[0m                                                                                                                                                    [32m│[0m
[32m│[0m  [92m    "The MACD histogram reading of -2.1195 suggests continued bearish momentum; however, if it begins to show signs of convergence, this could hint at a potential [0m    [32m│[0m
[32m│[0m  [92mchange in trend direction.",[0m                                                                                                                                           [32m│[0m
[32m│[0m  [92m    "The current trading volume (OBV at 20893767.0) indicates consistent selling pressure, which may continue unless buying interest significantly increases."[0m         [32m│[0m
[32m│[0m  [92m  ],[0m                                                                                                                                                                   [32m│[0m
[32m│[0m  [92m  "monitoring_checklist": [[0m                                                                                                                                            [32m│[0m
[32m│[0m  [92m    "Watch for any bullish reversal signals forming around the support zones, particularly if price approaches 277.0-284.25.",[0m                                         [32m│[0m
[32m│[0m  [92m    "Keep an eye on the MACD for signs of a crossover above the signal line, which could suggest weakening bearish momentum.",[0m                                         [32m│[0m
[32m│[0m  [92m    "Observe any breaches above the EMA50 at 294.5821 to see if that can establish a new resistance level, indicating a shift toward bullish sentiment."[0m               [32m│[0m
[32m│[0m  [92m  ][0m                                                                                                                                                                    [32m│[0m
[32m│[0m  [92m}[0m                                                                                                                                                                      [32m│[0m
[32m│[0m                                                                                                                                                                         [32m│[0m
[32m╰─────────────────────────────────────────────────────────────────────────────────────────────────────────────────────────────────────────────────────────────────────────╯[0m

